Meta: ID,Type,SKU,Name,Short description,Description,Categories,Tags,Images,Attribute 1 name,Attribute 1 value(s),Attribute 1 visible,Attribute 1 global,Attribute 2 name,Attribute 2 value(s),Attribute 2 visible,Attribute 2 global,Attribute 3 name,Attribute 3 value(s),Attribute 3 visible,Attribute 3 global,Attribute 4 name,Attribute 4 value(s),Attribute 4 visible,Attribute 4 global
3212,simple,1997,"56"" Cambridge Storage Console",,,"Builders, Builders > Honey Run Woodcraft",,https://products.viztechfurniture.com/wp-content/uploads/2020/05/56-storage-console-corrected.jpg,,,,,,,,,,,,,,,,
3213,simple,1971,"39"" Condo Series Cambridge TV Console",,,"Builders, Builders > Honey Run Woodcraft",,https://products.viztechfurniture.com/wp-content/uploads/2020/05/39-condo-series-cambridge-tv-console-corrected.jpg,,,,,,,,,,,,,,,,
3217,simple,1580-1-1-1,Dalton Side Chair,,,"Builders, Builders > Honey Run Woodcraft",,https://products.viztechfurniture.com/wp-content/uploads/2020/05/dalton-side-chair.jpg,,,,,,,,,,,,,,,,
3236,simple,1523,Liberty Platform Bed,,,"Builders, Builders > Honey Run Woodcraft",Best Sellers,"https://products.viztechfurniture.com/wp-content/uploads/2020/05/liberty-platform.jpg, https://products.viztechfurniture.com/wp-content/uploads/2018/10/P1150278-scaled.jpg",,,,,,,,,,,,,,,,
3243,simple,1863-Queen,Kenton Arch Bed,,,"Builders, Builders > Honey Run Woodcraft",,https://products.viztechfurniture.com/wp-content/uploads/2020/05/kenton-arch-bed.jpg,,,,,,,,,,,,,,,,
5078,simple,1867,Kenton Bed,"This mid century modern bed futures the finest our Amish craftsmen can offer. This bed features:\n<ul>\n 	<li>Solid mitered case construction</li>\n 	<li>Low profile bed frame</li>\n 	<li>Tapered round legs</li>\n 	<li>Double, Full, Queen, And King Sizes Available</li>\n</ul>\n<strong>Quick Ship available in King, and Queen in Sap Cherry</strong>","Quick ship bed available in:\n\n#1860 - <strong>Twin</strong>\n\n#1860XL - <strong>Twin XL</strong>\n\n#1864 - <strong>Full</strong>\n\n#1867 - <strong>Queen</strong>\n\n#1888 - <strong>King</strong>\n\nQuick ship bed only available in these wood species:\n\n<strong>Oak </strong>\n\n<strong>Brown Maple</strong>","Bedroom, Bedroom > Beds, Builders, Builders > Honey Run Woodcraft, Bedroom > Beds > Standard Bed","Bedroom, Best Sellers, Mid Century Modern, Modern Style","https://products.viztechfurniture.com/wp-content/uploads/2019/05/Kenton-Bed-1-e1628697662763.jpg, https://products.viztechfurniture.com/wp-content/uploads/2019/05/Kenton-Bed-S.jpg",SKU,1867,1,0,,,,,,,,,,,,
5083,simple,1834,Kenton Chest,"Our modern style Amish chest will be a great addition to your bedroom suite. This product features:\n<ul>\n 	<li>Mid Century Modern Design</li>\n 	<li>Solid Mitered Case Construction</li>\n 	<li>Dovetailed Drawers</li>\n 	<li>Tapered Round Legs</li>\n 	<li>X Base</li>\n</ul>\n&nbsp;\n\n&nbsp;",,"Bedroom, Builders, Bedroom > Chests > Chest of Drawers, Bedroom > Chests, Builders > Honey Run Woodcraft","Best Sellers, Mid Century Modern, Modern Style","https://products.viztechfurniture.com/wp-content/uploads/2020/05/Kenton-Chest.jpg, https://products.viztechfurniture.com/wp-content/uploads/2019/05/BB807BC_img_6845.jpg, https://products.viztechfurniture.com/wp-content/uploads/2019/05/Slides_Detail.jpg, https://products.viztechfurniture.com/wp-content/uploads/2019/05/closeup-kenton-chest.jpg",Dimensions,18D x 341⁄2W x 381⁄2H,1,0,SKU,1834,1,0,,,,,,,,
5086,simple,3222,Classic Shaker Raised Panel Bed,This Classic Shaker Raised Panel bed features the finest our Amish craftsmen can offer.,,"Bedroom, Bedroom > Beds, Builders, Builders > Honey Run Woodcraft, Bedroom > Beds > Standard Bed",Shaker Style,"https://products.viztechfurniture.com/wp-content/uploads/2020/05/3222-e1628625461254.jpg, https://products.viztechfurniture.com/wp-content/uploads/2019/05/3222_queen_raised_panel_bed_ClasSH-RPBed.jpg",Available Sizes,Twin - 47”D x 83 1/2”L x 51”L Full - 62 1/2”D x 83 1/2”L x 51”L Queen - 68”D x 88 1/2”L x 51”L King - 84 1/2”D x 88 1/2”L x 51”L,1,0,SKU,3222,1,0,,,,,,,,
5088,simple,3065,Classic Shaker Armoire,This Classic Shaker Armoire is a example of beautiful Amish Craftmanship.,,"Bedroom > Wardrobes & Armoires > Armoires, Builders, Builders > Honey Run Woodcraft, Bedroom > Wardrobes & Armoires","Classic Shaker, Shaker Style",https://products.viztechfurniture.com/wp-content/uploads/2020/05/3065_Armoire.jpg,Dimensions,43”W x 22 3/4”D x 71”H,1,0,SKU,3065,1,0,,,,,,,,
5092,simple,3064,"Classic Shaker 56"" Dresser",This Classic Shaker Dresser is an example of Beautiful Amish Craftmanship. Available with either a Single or tri-fold mirror.,,"Builders, Bedroom > Dressers, Builders > Honey Run Woodcraft","Classic Shaker, Shaker Style","https://products.viztechfurniture.com/wp-content/uploads/2017/09/dresser-3-new.jpg, https://products.viztechfurniture.com/wp-content/uploads/2019/05/ClassicShakerDetail1.jpg, https://products.viztechfurniture.com/wp-content/uploads/2019/05/3064_56Dresser.jpg",Dimensions,55”W x 21 1/4”D x 34”H,1,0,Optional Tri-View Mirror,"center 26”W x 43 1/4”L\, wings 13”W x 37”L",1,0,SKU,3064,1,0,,,,
5094,simple,3023,Classic Shaker Mule Chest,"<div class=""woocommerce-product-details__short-description"">\n\nThis Classic Shaker Dresser is an example of Beautiful Amish Craftmanship.\n\n</div>",,"Bedroom, Builders, Bedroom > Chests, Builders > Honey Run Woodcraft, Bedroom > Chests > Mule Chest","Classic Shaker, Shaker Style","https://products.viztechfurniture.com/wp-content/uploads/2020/05/3023_MuleChest.jpg, https://products.viztechfurniture.com/wp-content/uploads/2019/05/ClassicShakerDetail1.jpg",Dimensions,68”W x 24 3/4”D x 80”H,1,0,SKU,3023,1,0,,,,,,,,
5096,simple,3046,Classic Shaker Chest Of Drawers,"<div class=""woocommerce-product-details__short-description"">\n\nThis Classic Shaker Chest is an example of Beautiful Amish Craftmanship.\n\n</div>",,"Bedroom, Builders, Bedroom > Chests > Chest of Drawers, Bedroom > Chests, Builders > Honey Run Woodcraft","Classic Shaker, Shaker Style","https://products.viztechfurniture.com/wp-content/uploads/2020/05/3046_ChestofDrawers.jpg, https://products.viztechfurniture.com/wp-content/uploads/2019/05/ClassicShakerDetail1.jpg",Dimensions,38”W x 21 1/4”D x 44”H,1,0,SKU,3046,1,0,,,,,,,,
5098,simple,3075,Classic Shaker Man's Chest,"<div class=""woocommerce-product-details__short-description"">\n\nThis Classic Shaker Man's Chest is an example of Beautiful Amish Craftmanship.\n\n</div>",,"Bedroom, Builders, Bedroom > Chests, Bedroom > Chests > Gentleman's Chest, Builders > Honey Run Woodcraft","Classic Shaker, Shaker Style","https://products.viztechfurniture.com/wp-content/uploads/2020/05/3075_MansChest.jpg, https://products.viztechfurniture.com/wp-content/uploads/2019/05/Slides_Detail.jpg, https://products.viztechfurniture.com/wp-content/uploads/2019/05/ClassicShakerDetail1.jpg",Dimensions,48”W x 21 1/4”D x 50 1/2”H,1,0,SKU,3075,1,0,,,,,,,,
5101,simple,3030,Classic Shaker 3 Drawer Night Stand,"<div class=""woocommerce-product-details__short-description"">\n\nThis Classic Shaker Night Stand is an example of Beautiful Amish Craftmanship.\n\n</div>",,"Builders, Builders > Honey Run Woodcraft, Bedroom > Night Stands","Classic Shaker, Shaker Style","https://products.viztechfurniture.com/wp-content/uploads/2020/05/3030_3-DrawerNightstand.jpg, https://products.viztechfurniture.com/wp-content/uploads/2019/05/ClassicShakerDetail1.jpg, https://products.viztechfurniture.com/wp-content/uploads/2019/05/Slides_Detail.jpg, https://products.viztechfurniture.com/wp-content/uploads/2019/05/ClassicShakerDetail2.jpg",Dimensions,20 1/2”W x 19 1/4”D x 25 1/2”H,1,0,SKU,3030,1,0,,,,,,,,
5103,simple,3033,Classic Shaker 1 Drawer Night Stand,"Our modern style Amish chest will be a great addition to your bedroom suite. This product features:\n<ul>\n 	<li> Classic Shaker Design</li>\n 	<li>Solid Mitered Case Construction</li>\n</ul>",,"Builders, Builders > Honey Run Woodcraft, Bedroom > Night Stands","Classic Shaker, Modern Style, Shaker Style","https://products.viztechfurniture.com/wp-content/uploads/2020/05/3033_1-DoorNightstand.jpg, https://products.viztechfurniture.com/wp-content/uploads/2019/05/ClassicShakerDetail1.jpg, https://products.viztechfurniture.com/wp-content/uploads/2019/05/ClassicShakerDetail2.jpg, https://products.viztechfurniture.com/wp-content/uploads/2019/05/Slides_Detail.jpg",Dimensions,20 1/2”W x 19 1/4”D x 25 1/2”H,1,0,SKU,3033,1,0,,,,,,,,
5105,simple,3074,"Classic Shaker 66"" Dresser",This Classic Shaker Dresser is an example of Beautiful Amish Craftmanship. Available with either a single or tri-fold mirror.,,"Builders, Bedroom > Dressers, Builders > Honey Run Woodcraft","Classic Shaker, Shaker Style","https://products.viztechfurniture.com/wp-content/uploads/2017/09/dresser-3-new.jpg, https://products.viztechfurniture.com/wp-content/uploads/2019/05/ClassicShakerDetail1.jpg, https://products.viztechfurniture.com/wp-content/uploads/2019/05/Slides_Detail.jpg, https://products.viztechfurniture.com/wp-content/uploads/2019/05/3074_66Dresser.jpg",Dimensions,65”W x 21 1/4”D x 34”H,1,0,SKU,3074,1,0,Optional Tri-View Mirror,"center 26”W x 43 1/4”L\, wings 13”W x 37”L",1,0,,,,
5107,simple,4000,Legacy Poster Bed,"This mid American Modern bed features the finest our Amish craftsmen can offer. This bed features:\n\nSolid mitered case construction\nQueen, And King Sizes Available",,"Bedroom, Bedroom > Beds, Builders, Builders > Honey Run Woodcraft, Bedroom > Beds > Standard Bed",Traditional Style,https://products.viztechfurniture.com/wp-content/uploads/2020/05/4000_queen_LegacyBed.jpg,SKU,4000,1,0,Available sizes,King & Queen,1,0,,,,,,,,
5109,simple,4014,Legacy Deluxe Canopy Bed,"This mid American Modern bed features the finest our Amish craftsmen can offer. This bed features:\n\nSolid mitered case construction\nTwin, Full, Queen and King Sizes Available",,"Bedroom, Bedroom > Beds, Builders, Builders > Honey Run Woodcraft, Bedroom > Beds > Standard Bed",Modern Style,https://products.viztechfurniture.com/wp-content/uploads/2020/05/4014_DeluxeLegacyBed.jpg,SKU,4014,1,0,Available Sizes,"Twin\, Full\, Queen and King",1,0,,,,,,,,
5111,simple,4019,Legacy Raised Panel Bed,"This mid American Modern bed features the finest our Amish craftsmen can offer. This bed features:\n\nSolid mitered case construction\nTwin, Full, Queen and King Sizes Available",,"Bedroom, Bedroom > Beds, Builders, Builders > Honey Run Woodcraft, Bedroom > Beds > Standard Bed","HRW Legacy Bedroom Collection, Modern Style",https://products.viztechfurniture.com/wp-content/uploads/2020/05/4019_LegacyPanelBed-e1628698243441.jpg,SKU,4019,1,0,Dimensions,Headboard: 58H Footboard: 36H,1,0,Available Sizes,"Twin\, Full\, Queen and King",1,0,,,,
5114,simple,4023,Legacy Three Drawer Night Stand,This 3 Drawer Night stand is carefully crafted by fine Amish Craftmanship.,,"Builders, Builders > Honey Run Woodcraft, Bedroom > Night Stands",HRW Legacy Bedroom Collection,"https://products.viztechfurniture.com/wp-content/uploads/2020/05/4023_3DrawerNighstand.jpg, https://products.viztechfurniture.com/wp-content/uploads/2019/05/LegacyDetail.jpg",SKU,4023,1,0,Dimensions,18 1/4 D x 25L X 26 1/2H,1,0,,,,,,,,
5116,simple,4030,Legacy High Dresser(With Optional Mirror),You will enjoy this traditional American style Dresser made with signature Amish craftsmanship.,,"Builders, Bedroom > Dressers, Builders > Honey Run Woodcraft","HRW Legacy Bedroom Collection, Traditional Style","https://products.viztechfurniture.com/wp-content/uploads/2020/05/4030_4027.jpg, https://products.viztechfurniture.com/wp-content/uploads/2019/05/LegacyDetail.jpg",SKU,4030,1,0,Dimensions,20 1/4 D x 59 1/2 L x 45 3/4 H,1,0,,,,,,,,
5118,simple,4050,Legacy Man’s Chest,You will enjoy this traditional American style Dresser made with signature Amish craftsmanship.,,"Bedroom, Builders, Bedroom > Chests, Bedroom > Chests > Gentleman's Chest, Builders > Honey Run Woodcraft","HRW Legacy Bedroom Collection, Traditional Style","https://products.viztechfurniture.com/wp-content/uploads/2020/05/4050_MansChest-1.jpg, https://products.viztechfurniture.com/wp-content/uploads/2019/05/LegacyDetail.jpg",Dimensions,20 1/4 D x 53 1/2 L x 51 1/2 H,1,0,SKU,4050,1,0,,,,,,,,
5120,simple,4065,Legacy Chest on Chest,You will enjoy this traditional American style Chest made with signature Amish craftsmanship.,,"Bedroom, Builders, Bedroom > Chests > Chest of Drawers, Bedroom > Chests, Builders > Honey Run Woodcraft","HRW Legacy Bedroom Collection, Traditional Style","https://products.viztechfurniture.com/wp-content/uploads/2019/05/HRW-Legacy-Chest-on-Chest.jpg, https://products.viztechfurniture.com/wp-content/uploads/2019/05/LegacyDetail.jpg",SKU,4065,1,0,Dimensions,20 1/4 D x 42 1/2 L x 54 H,1,0,,,,,,,,
5123,simple,4070,"Legacy 70"" Dresser",You will enjoy this traditional American style Dresser made with signature Amish craftsmanship. Available with either a single or tri-fold mirror.,,"Builders, Bedroom > Dressers, Builders > Honey Run Woodcraft","HRW Legacy Bedroom Collection, Traditional Style","https://products.viztechfurniture.com/wp-content/uploads/2020/05/dresser-2-e1629233597270.jpg, https://products.viztechfurniture.com/wp-content/uploads/2019/05/LegacyDetail.jpg, https://products.viztechfurniture.com/wp-content/uploads/2019/05/4070_4024.jpg",Dimensions,20 1/4 D x 69 1/2 L x 35 H,1,0,SKU,4070,1,0,,,,,,,,
5126,simple,818-8176,Stone Creek Lift Storage Bed,"Maximize all the space under the mattress with our platform lift storage bed, with gas powered support struts.",,"Bedroom, Bedroom > Beds, Builders, Builders > Honey Run Woodcraft, Bedroom > Beds > Storage Bed",Stone Creek Bedroom Collection,"https://products.viztechfurniture.com/wp-content/uploads/2020/05/Stone-Creek-Platform-Lift-Storage-Bed-e1628714031996.jpg, https://products.viztechfurniture.com/wp-content/uploads/2019/05/Stone-Creek-Platform-Lift-Storage-Bed-Raised_v2.png",Features,"'- 2 Sectional storage unit for easy handling. - 14""H storage compartment.",1,0,SKU,818-8176,1,0,,,,,,,,
5130,simple,1277-1293,Madison Lift Storage Bed,"Maximize all the space under the mattress with our platform lift storage bed, with gas powered support struts.",,"Bedroom, Bedroom > Beds, Builders, Builders > Honey Run Woodcraft, Bedroom > Beds > Storage Bed",Madison Bedroom Collection,"https://products.viztechfurniture.com/wp-content/uploads/2020/05/Madison-Platform-Lift-Storage-Bed-e1628698921491.jpg, https://products.viztechfurniture.com/wp-content/uploads/2019/05/Madison-Platform-Lift-Storage-Bed-No-Headboard.jpg, https://products.viztechfurniture.com/wp-content/uploads/2019/05/Madison-Platform-Lift-Storage-Bed-Open.jpg",Features,"– 2 Sectional storage unit for easy handling. – 14""H storage compartment.",1,0,SKU,1277-1293,1,0,,,,,,,,
5133,simple,1856,Kenton Dresser,"Our modern style Amish Dresser will be a great addition to your bedroom suite. This product features:\n\nMid Century Modern Design\nSolid Mitered Case Construction\nDovetailed Drawers\nTapered Round Legs\nX Base",,"Builders, Bedroom > Dressers, Builders > Honey Run Woodcraft","Best Sellers, Kenton Bedroom Collection, Modern Style","https://products.viztechfurniture.com/wp-content/uploads/2020/05/Kenton-Dresser-1.jpg, https://products.viztechfurniture.com/wp-content/uploads/2019/05/Kenton-Dresser-Detail.jpg, https://products.viztechfurniture.com/wp-content/uploads/2019/05/closeup-kenton-chest.jpg",SKU,1856,1,0,Dimensions,18D x 66W x 34H,1,0,,,,,,,,
5135,simple,1821,Kenton Open Nightstand,"Our modern style Amish chest will be a great addition to your bedroom suite. This product features:\n\nMid Century Modern Design\nSolid Mitered Case Construction\nDovetailed Drawers\nTapered Round Legs\nX Base\n\n<strong>Quick Ship available in Sap Cherry</strong>",,"Builders, Builders > Honey Run Woodcraft, Bedroom > Night Stands","Kenton Bedroom Collection, Modern Style","https://products.viztechfurniture.com/wp-content/uploads/2020/05/Kenton-Nightstand.jpg, https://products.viztechfurniture.com/wp-content/uploads/2019/05/closeup-kenton-chest.jpg",SKU,1821,1,0,Dimensions,18D x 24W x 26 1⁄2H,1,0,,,,,,,,
5139,simple,1970,Cambridge Bedside Table,"Our modern style Amish BedsideTable will be a great addition to your bedroom suite. This product features:\n\nMid Century Modern Design\nSolid Mitered Case Construction\n\n<strong>Quick ship available in Sap Cherry</strong>",,"Builders, Builders > Honey Run Woodcraft, Bedroom > Night Stands","Cambridge Bedroom Collection, Modern Style",https://products.viztechfurniture.com/wp-content/uploads/2019/05/HRW-Cambridge-Bedside-Table.jpg,Dimensions,20D x 24W x 23H,1,0,SKU,1972,1,0,,,,,,,,
5142,simple,1974,Cambridge Coffee Table,"Our modern style Amish Coffee Table will be a great addition to your bedroom suite. This product features:\n\n    Mid Century Modern Design\n    Solid Mitered Case Construction",,"Builders, Living Room > Occasional Tables > Coffee Tables, Builders > Honey Run Woodcraft, Living Room, Living Room > Occasional Tables","Cambridge Bedroom Collection, Modern Style","https://products.viztechfurniture.com/wp-content/uploads/2019/05/HRW-Cambridge-Coffee-Table.jpg, https://products.viztechfurniture.com/wp-content/uploads/2019/05/1974_Cambridge-Coffee-Table-Back_cp.jpg",SKU,1974,1,0,Dimensions,20D x 48W x 17 1⁄2H,1,0,,,,,,,,
5144,simple,1994,Cambridge Plasma TV Stand,"Our modern style Amish TV Stand will be a great addition to your bedroom suite. This product features:\n\nMid Century Modern Design\nSolid Mitered Case Construction",,"Builders, Builders > Honey Run Woodcraft, Living Room, Living Room > TV Stands > TV Consoles, Living Room > TV Stands","Best Sellers, Cambridge Bedroom Collection, Modern Style",https://products.viztechfurniture.com/wp-content/uploads/2020/05/1994_Cambridge-Plasma-Stand_cp.jpg,SKU,1994,1,0,Dimensions,18D x 74W x 26 1⁄4H,1,0,,,,,,,,
5146,simple,1925,"Cambridge 56"" Dresser","Our modern style Amish Dresser will be a great addition to your bedroom suite. This product features:\n\nMid Century Modern Design\nSolid Mitered Case Construction",,"Builders, Bedroom > Dressers, Builders > Honey Run Woodcraft","Cambridge Bedroom Collection, Modern Style",https://products.viztechfurniture.com/wp-content/uploads/2020/05/1925_Cambridge_56_Dresser_396A3554_cp.jpg,SKU,1925,1,0,Dimensions,18D x 56W x 30 1⁄2H,1,0,,,,,,,,
5148,simple,1938,Cambridge 4 Drawer Chest,"Our modern style Amish Dresser will be a great addition to your bedroom suite. This product features:\n\nMid Century Modern Design\nSolid Mitered Case Construction",,"Bedroom, Builders, Bedroom > Chests > Chest of Drawers, Bedroom > Chests, Builders > Honey Run Woodcraft","Cambridge Bedroom Collection, Modern Style",https://products.viztechfurniture.com/wp-content/uploads/2020/05/Cambridge-396A3558_cp.jpg,SKU,1938,1,0,Dimensions,18D x 341⁄2W x 38 1⁄2H,1,0,,,,,,,,
5150,simple,1921,Cambridge Open Nightstand,"Our modern style Amish Night Stand will be a great addition to your bedroom suite. This product features:\n\nMid Century Modern Design\nSolid Mitered Case Construction\n\n<strong>Quick Ship available in Sap Cherry</strong>",,"Builders, Builders > Honey Run Woodcraft, Bedroom > Night Stands","Cambridge Bedroom Collection, Modern Style",https://products.viztechfurniture.com/wp-content/uploads/2020/05/Cambridge_Nightstand.jpg,SKU,1921,1,0,Dimensions,18D x 24W x 26 1⁄2H,1,0,,,,,,,,
5181,simple,SP78Q,Classic Shaker Pencil Post Bed,Our beds feature some of the best Amish Craftsmanship available.,,"Bedroom, Bedroom > Beds, Builders, Builders > Honey Run Woodcraft, Bedroom > Beds > Standard Bed",Shaker Style,https://products.viztechfurniture.com/wp-content/uploads/2020/05/3125_PencilPostBed-e1628625577303.jpg,SKU,SP78Q,1,0,Dimensions,"Headboard: 53""H Footboard: 21""H Posts: 82""H",1,0,,,,,,,,
5183,simple,AMS-Q,Arch Mission Slat Bed,Our beds feature some of the best Amish Craftsmanship available.,,"Bedroom, Bedroom > Beds, Builders, Builders > Honey Run Woodcraft, Bedroom > Beds > Standard Bed",Mission Style,"https://products.viztechfurniture.com/wp-content/uploads/2020/05/AMS-Q_ArchMissionSlat-e1628615496648.jpg, https://products.viztechfurniture.com/wp-content/uploads/2020/05/AMS-QLF_ArchMissionSlatwithLowFootboard.jpg",SKU,AMS-Q,1,0,Dimensions,"Headboard: 51 1⁄2"" Footboard: 34""",1,0,,,,,,,,
5187,simple,HMP-Q,Heritage Mission Panel Bed,"Our beds feature some of the best Amish Craftsmanship available. All beds available in Twin,\nFull, Queen and King size",,"Bedroom, Bedroom > Beds, Builders, Builders > Honey Run Woodcraft, Bedroom > Beds > Standard Bed","Mission Style, Traditional Style",https://products.viztechfurniture.com/wp-content/uploads/2020/05/HMP-Q_HeritageMissionPanel-e1628696556766.jpg,SKU,HMP-Q,1,0,Dimensions,"Headboard: 49"" Footboard: 35""",1,0,Available sizes,"All beds available in Twin\, Full\, Queen and King size",1,0,,,,
5189,simple,HMS-Q,Heritage Mission Slat Bed,"Our beds feature some of the best Amish Craftsmanship available. All beds available in Twin, Full, Queen and King size.\n\n<a href=""https://products.viztechfurniture.com/wp-login.php?action=logout"">Log out</a>",,"Bedroom, Bedroom > Beds, Builders, Builders > Honey Run Woodcraft, Bedroom > Beds > Standard Bed","Mission Style, Traditional Style",https://products.viztechfurniture.com/wp-content/uploads/2020/05/HMS-Q_HeritageMissionSlat-e1628696720579.jpg,SKU,HMS-Q,1,0,Dimensions,"Headboard: 49"" Footboard: 35""",1,0,Available sizes,"All beds available in Twin\, Full\, Queen and King size",1,0,,,,
5191,simple,9262DR,Harmony Bed,"Our beds feature some of the best Amish Craftsmanship available. All beds available in Twin,\nFull, Queen and King size Shown With Storage Unit.",,"Bedroom, Bedroom > Beds, Builders, Builders > Honey Run Woodcraft, Bedroom > Beds > Standard Bed",,https://products.viztechfurniture.com/wp-content/uploads/2020/05/Harmony-Bed.jpg,SKU,9262DR,1,0,Available sizes,"All beds available in Twin\, Full\, Queen and King size",1,0,,,,,,,,
5193,simple,1768,Hudson Bed,,,"Bedroom, Bedroom > Beds, Builders, Builders > Honey Run Woodcraft, Bedroom > Beds > Standard Bed",,https://products.viztechfurniture.com/wp-content/uploads/2020/05/madison-1-e1628697296267.jpg,SKU,1768,1,0,,,,,,,,,,,,
5195,simple,1742,Hudson Night Stand,,,"Builders, Builders > Honey Run Woodcraft, Bedroom > Night Stands",Best Sellers,https://products.viztechfurniture.com/wp-content/uploads/2019/05/HRW-Hudson-Nightstand.jpg,Dimensions,18” x 18”,1,0,SKU,1742,1,0,,,,,,,,
5197,simple,HRW-H6D-5197,Hudson 66” Dresser,,"66""w x 18""d x 34""h","Builders, Bedroom > Dressers, Builders > Honey Run Woodcraft",,https://products.viztechfurniture.com/wp-content/uploads/2020/05/madison-dresser-e1629232680512.jpg,Dimensions,66” High,1,0,SKU,1728,1,0,,,,,,,,
5199,simple,9020,Willow 1 Drawer Nightstand,,,"Builders, Builders > Honey Run Woodcraft, Bedroom > Night Stands",Willow Bedroom Collection,https://products.viztechfurniture.com/wp-content/uploads/2020/05/9020_WG-1DoorNightstand.jpg,Dimensions,19D x 21 3/4L x 27H,1,0,SKU,9020,1,0,,,,,,,,
5201,simple,9019,Willow 3 Drawer Nightstand,,,"Builders, Builders > Honey Run Woodcraft, Bedroom > Night Stands",Willow Bedroom Collection,https://products.viztechfurniture.com/wp-content/uploads/2020/05/9019_WG-3DrawerNightstand.jpg,Dimensions,19D x 21 3/4L x 27H,1,0,SKU,9019,1,0,,,,,,,,
5203,simple,9028,Willow Chest Of Drawers,,,"Bedroom, Builders, Bedroom > Chests > Chest of Drawers, Bedroom > Chests, Builders > Honey Run Woodcraft",Willow Bedroom Collection,https://products.viztechfurniture.com/wp-content/uploads/2020/05/9028_WG-ChestOfDrawers-2.jpg,Dimensions,21D x 39 1/4L x 45 1/2H,1,0,SKU,9028,1,0,,,,,,,,
5205,simple,9026,Willow 4 Drawer Armoire,,,"Bedroom > Wardrobes & Armoires > Armoires, Bedroom, Builders, Builders > Honey Run Woodcraft, Bedroom > Wardrobes & Armoires",Willow Bedroom Collection,https://products.viztechfurniture.com/wp-content/uploads/2020/05/9026_WG-Armoire-1.jpg,Dimensions,23D x 38 1/4L x 76H,1,0,SKU,9026,1,0,,,,,,,,
5207,simple,9010,"Willow 56"" Dresser",,,"Builders, Bedroom > Dressers, Builders > Honey Run Woodcraft",Willow Bedroom Collection,https://products.viztechfurniture.com/wp-content/uploads/2019/05/9010_56_dresser__9018_center-mirrorWG-Dresser-e1629298554574-1-e1629298729110.png,Dimensions,21D x 56 1/4L x 35 1/2H,1,0,SKU,9010,1,0,,,,,,,,
5209,simple,9052,Willow Platform Bed,,,"Bedroom, Bedroom > Beds, Builders, Builders > Honey Run Woodcraft, Bedroom > Beds > Storage Bed",Willow Bedroom Collection,https://products.viztechfurniture.com/wp-content/uploads/2020/05/9052_platform_bed_queen_WG-Chest-Bed.jpg,Size,Queen,1,0,SKU,9052,1,0,,,,,,,,
5211,simple,1957,Cambridge Bookcase,,,"Office > Bookcases, Builders, Builders > Honey Run Woodcraft, Office",Cambridge Bedroom Collection,https://products.viztechfurniture.com/wp-content/uploads/2020/05/1957_cambridge_bookcase-1.jpg,SKU,1957,1,0,,,,,,,,,,,,
5213,simple,1996,Cambridge TV Stand,,,"Builders, Builders > Honey Run Woodcraft, Living Room, Living Room > TV Stands > TV Consoles, Living Room > TV Stands",Cambridge Bedroom Collection,https://products.viztechfurniture.com/wp-content/uploads/2020/05/1996_74in_cambridge_tv_stand.jpg,Sku,1996,1,0,,,,,,,,,,,,
5223,simple,1276,Madison Platform Bed,,,"Bedroom, Bedroom > Beds, Builders, Builders > Honey Run Woodcraft, Bedroom > Beds > Standard Bed","Madison Bedroom Collection, Quick Ship",https://products.viztechfurniture.com/wp-content/uploads/2020/05/1276_madison_platform_bed-e1613597676699.jpg,SKU,1276,1,0,,,,,,,,,,,,
5227,simple,1290,Madison Avenue Bed,,,"Bedroom, Bedroom > Beds, Builders, Builders > Honey Run Woodcraft, Bedroom > Beds > Standard Bed",Madison Bedroom Collection,https://products.viztechfurniture.com/wp-content/uploads/2020/05/1290_Madison_Bed-e1628698897837.jpg,SKU,1290,1,0,,,,,,,,,,,,
5230,simple,8115,Flint Ridge Bed,,,"Bedroom, Bedroom > Beds, Builders, Builders > Honey Run Woodcraft, Bedroom > Beds > Standard Bed",Stone Creek Bedroom Collection,"https://products.viztechfurniture.com/wp-content/uploads/2020/05/8115-e1628693598547.jpg, https://products.viztechfurniture.com/wp-content/uploads/2019/05/8115-Detail.jpg",Dimensions,"64.5"" X 85.5""",1,0,SKU,8115,1,0,,,,,,,,
5232,simple,8176,Stone Creek Bed,,,"Bedroom, Bedroom > Beds, Builders, Builders > Honey Run Woodcraft, Bedroom > Beds > Standard Bed",Stone Creek Bedroom Collection,https://products.viztechfurniture.com/wp-content/uploads/2020/05/8175.jpg,SKU,8176,1,0,Dimensions,"65.5"" X 85""",1,0,,,,,,,,
5238,simple,1768-2031,Hudson Lift Bed,,"Headboard Measures 65.5""W X 42""H (Queen Size)\n\nOverall Bed Length 86.5"" (Queen Size)\n\nStorage box can be used with other headboards.","Bedroom, Bedroom > Beds, Builders, Builders > Honey Run Woodcraft, Bedroom > Beds > Storage Bed",,"https://products.viztechfurniture.com/wp-content/uploads/2020/05/liftbed-1-e1628697278773.jpg, https://products.viztechfurniture.com/wp-content/uploads/2019/05/liftbed-2.jpg, https://products.viztechfurniture.com/wp-content/uploads/2019/05/liftbed-5.jpg, https://products.viztechfurniture.com/wp-content/uploads/2019/05/liftbed-3.jpg, https://products.viztechfurniture.com/wp-content/uploads/2019/05/liftbed-4.jpg",Headboard (Queen Size),"65 1/2"" W X 42"" H",1,0,Length,"86 1/2"" L",1,0,Storage Box,"63 3/8"" W X 14"" H X 82 3/4 L",1,0,SKU,1768-2031,1,0
5240,simple,1918,Cambridge Tall Leg Nightstand,"<div class=""woocommerce-product-details__short-description"">\n\nOur modern style Amish Nightstand will be a great addition to your bedroom suite. This product features:\n\nMid Century Modern Design\nSolid Mitered Case Construction\n\n</div>\n<div>\n\nFor more information or to purchase this item see our dealer page.\n\n</div>",,"Builders, Builders > Honey Run Woodcraft, Bedroom > Night Stands","Cambridge Bedroom Collection, Modern Style",https://products.viztechfurniture.com/wp-content/uploads/2019/05/cambridge-tall-nightstand-1024x853-1.jpg,Dimensions,18D x 24W x 20H,1,0,SKU,1918,1,0,,,,,,,,
5242,simple,1936,Cambridge 66'' Dresser,"<div class=""woocommerce-product-details__short-description"">\n\nOur modern style Amish Nightstand will be a great addition to your bedroom suite. This product features:\n\nMid Century Modern Design\nSolid Mitered Case Construction\n\n</div>\n<div>\n\nFor more information or to purchase this item see our dealer page.\n\n</div>",,"Builders, Bedroom > Dressers, Builders > Honey Run Woodcraft","Best Sellers, Cambridge Bedroom Collection, Modern Style",https://products.viztechfurniture.com/wp-content/uploads/2020/05/66dresser-e1629227574224.jpg,Dimensions,18D x 66W x 34H,1,0,Sku,1936,1,0,,,,,,,,
5244,simple,1941,Cambridge 5 Drawer Chest,,,"Bedroom, Builders, Bedroom > Chests > Chest of Drawers, Bedroom > Chests, Builders > Honey Run Woodcraft","Best Sellers, Cambridge Bedroom Collection, Modern Style",https://products.viztechfurniture.com/wp-content/uploads/2019/05/HRW-Cambridge-5-Drawer-Chest.jpg,Dimensions,18D x 34 1/2 W x 44 1/2 H,1,0,SKU,1941,1,0,,,,,,,,
5248,simple,1831,Kenton 6 Drawer Chest,,,"Bedroom, Builders, Bedroom > Chests > Chest of Drawers, Bedroom > Chests, Builders > Honey Run Woodcraft","Kenton Bedroom Collection, Modern Style",https://products.viztechfurniture.com/wp-content/uploads/2019/05/HRW-Kenton-6-Drawer-Chest.jpg,Dimensions,18D x 34 1⁄2W x 55 1⁄2H,1,0,SKU,1831,1,0,,,,,,,,
5250,simple,1837,Kenton 5 Drawer Chest,,,"Bedroom, Builders, Bedroom > Chests > Chest of Drawers, Bedroom > Chests, Builders > Honey Run Woodcraft","Kenton Bedroom Collection, Modern Style",https://products.viztechfurniture.com/wp-content/uploads/2019/05/HRW-Kenton-5-Drawer-Chest.jpg,Dimensions,18D x 34 1⁄2W x 44 1⁄2H,1,0,SKU,1837,1,0,,,,,,,,
5254,simple,1943,Cambridge 6 Drawer Chest,,,"Bedroom, Builders, Bedroom > Chests > Chest of Drawers, Bedroom > Chests, Builders > Honey Run Woodcraft",,https://products.viztechfurniture.com/wp-content/uploads/2019/05/HRW-Cambridge-6-Drawer-Chest.jpg,SKU,1943,1,0,,,,,,,,,,,,
5257,simple,1955,Tempo Platform Bed,"This mid century modern bed futures the finest our Amish craftsmen can offer. This bed features:\n\nSolid mitered case construction\nLow profile bed frame\nDouble, Full, Queen, And King Sizes Available",,"Bedroom, Bedroom > Beds, Builders, Builders > Honey Run Woodcraft, Bedroom > Beds > Standard Bed",Modern Style,"https://products.viztechfurniture.com/wp-content/uploads/2020/05/tempo-bed-e1629212106594.jpg, https://products.viztechfurniture.com/wp-content/uploads/2019/05/Tempo-Bed-Detail.jpg",SKU,1955,1,0,Dimensions,67W x 90L Headboard: 39H,1,0,,,,,,,,
5261,simple,1966,Cambridge Platform Bed,"Quick Ship available in King, and Queen with Sap Cherry stain.","Quick ship bed available in:\n\n#1960 - <strong>Twin</strong>\n\n#1960XL - <strong>Twin XL</strong>\n\n#1961 - <strong>Full</strong>\n\n#1966 - <strong>Queen</strong>\n\n#1969 - <strong>King</strong>\n\nQuick ship bed only available in these wood species:\n\n<b>Sap Cherry</b>","Bedroom, Bedroom > Beds, Builders, Builders > Honey Run Woodcraft, Bedroom > Beds > Standard Bed",Best Sellers,"https://products.viztechfurniture.com/wp-content/uploads/2020/05/cambridge-platform-bed-e1628623423825.jpg, https://products.viztechfurniture.com/wp-content/uploads/2019/09/detailed-slat-system.jpg",Dimensions,Headboard 39H Also available in 44H,1,0,Sku,1966,1,0,,,,,,,,
5263,simple,4125,Legacy  Deluxe Panel  Bed,,,"Bedroom, Bedroom > Beds, Builders, Builders > Honey Run Woodcraft, Bedroom > Beds > Standard Bed",HRW Legacy Bedroom Collection,https://products.viztechfurniture.com/wp-content/uploads/2020/05/legacy-bed-e1628698205716.jpg,SKU,4125SHH26,1,0,Dimensions,Headboard: 66H Footboard: 26 1⁄2H,1,0,,,,,,,,
5265,simple,4046,Legacy Chest of Drawers,,,"Bedroom, Builders, Bedroom > Chests > Chest of Drawers, Bedroom > Chests, Builders > Honey Run Woodcraft",HRW Legacy Bedroom Collection,https://products.viztechfurniture.com/wp-content/uploads/2020/05/Legacy-Chest-of-Drawers-1.jpg,SKU,4046,1,0,Dimensions,20 1⁄4D x 42 1⁄2L x 45H,1,0,,,,,,,,
5267,simple,4041,Mule Dresser,,,"Builders, Bedroom > Dressers, Builders > Honey Run Woodcraft",,https://products.viztechfurniture.com/wp-content/uploads/2020/05/mule-dresser-e1629291728841.jpg,SKU,4041,1,0,,,,,,,,,,,,
5269,simple,1993,"60"" TV Console (With sliding doors)",,,"Builders, Builders > Honey Run Woodcraft, Living Room, Living Room > TV Stands > TV Consoles, Living Room > TV Stands",,https://products.viztechfurniture.com/wp-content/uploads/2019/05/HRW-60-TV-Console-.jpg,Dimensions,18D x 60L x 28 1/2H,1,0,SKU,1993,1,0,,,,,,,,
5271,simple,1952,2 Drawer File,,,"Builders, Office > File Cabinets, Builders > Honey Run Woodcraft, Office, Office > File Cabinets > Two Drawer",,https://products.viztechfurniture.com/wp-content/uploads/2020/05/honey-run-nightstand.jpg,SKU,1952,1,0,Dimensions,"18""D x 29 1/2L x 30H",1,0,,,,,,,,
5277,simple,1995,"Cambridge 56"" TV Console (with optional metal z-base)",,"<strong>Dimensions:</strong> 56""W x 18""D x 28 1/2""H","Builders, Builders > Honey Run Woodcraft, Living Room, Living Room > TV Stands > TV Consoles, Living Room > TV Stands",,https://products.viztechfurniture.com/wp-content/uploads/2019/05/Honey-Run-56-TV-Console-.jpg,SKU,1995,1,0,Dimensions,"18""D x 56L x 28 1/2H",1,0,Features,Sliding Doors,1,0,,,,
5279,simple,4125HH26,High Back Deluxe Bed (with lights),,,"Bedroom, Bedroom > Beds, Builders, Builders > Honey Run Woodcraft, Bedroom > Beds > Standard Bed",,https://products.viztechfurniture.com/wp-content/uploads/2020/05/high-deluxe-bed-e1628696738824.jpg,SKU,4125HH26,1,0,Dimensions,86 1/2D x 89L,1,0,,,,,,,,
5284,simple,4021,Legacy Night Stand,,,"Builders, Builders > Honey Run Woodcraft, Bedroom > Night Stands",HRW Legacy Bedroom Collection,https://products.viztechfurniture.com/wp-content/uploads/2019/05/HRW-Legacy-Night-Stand.jpg,SKU,4021,1,0,Dimensions,"(1 Drawer\, 1 Door) 18 1⁄4D x 25L x 26 1⁄2H",1,0,,,,,,,,
5286,simple,9016,Willow High Dresser,,,"Builders, Bedroom > Dressers, Builders > Honey Run Woodcraft",Willow Bedroom Collection,https://products.viztechfurniture.com/wp-content/uploads/2020/05/willow-dresser-e1629298493289.jpg,SKU,9016,1,0,,,,,,,,,,,,
5288,simple,9016-1,Willow 3 Drawer Nightstand,,,"Builders, Builders > Honey Run Woodcraft, Bedroom > Night Stands",Willow Bedroom Collection,https://products.viztechfurniture.com/wp-content/uploads/2019/05/HRW-Willow-3-Drawer-Nightstand.jpg,SKU,9019,1,0,,,,,,,,,,,,
5290,simple,9880,Willow Queen Harmony Lift Bed,,,"Bedroom, Bedroom > Beds, Builders, Builders > Honey Run Woodcraft, Bedroom > Beds > Standard Bed",Willow Bedroom Collection,https://products.viztechfurniture.com/wp-content/uploads/2020/05/willow-bed-e1629220971873.jpg,SKU,9880,1,0,,,,,,,,,,,,
5292,simple,4075,Legacy Armoire,,,"Bedroom > Wardrobes & Armoires > Armoires, Bedroom, Builders, Builders > Honey Run Woodcraft, Bedroom > Wardrobes & Armoires",HRW Legacy Bedroom Collection,https://products.viztechfurniture.com/wp-content/uploads/2020/05/armoire-e1629233702849.jpg,SKU,4075,1,0,,,,,,,,,,,,
5294,simple,1874,Kenton Storage Bed,,,"Bedroom, Bedroom > Beds, Builders, Builders > Honey Run Woodcraft, Bedroom > Beds > Storage Bed",Kenton Bedroom Collection,https://products.viztechfurniture.com/wp-content/uploads/2020/05/kenrton-queen-storage-bed-e1628697534526.jpg,SKU,1874,1,0,,,,,,,,,,,,
5298,simple,3232,Classic Shaker Platform Bed,,,"Bedroom, Bedroom > Beds, Builders, Builders > Honey Run Woodcraft, Bedroom > Beds > Standard Bed","Classic Shaker, Shaker Style",https://products.viztechfurniture.com/wp-content/uploads/2020/05/classic-shaker-platform-bed.jpg,SKU,3232,1,0,,,,,,,,,,,,
8991,simple,1917,Cambridge Nightstand,"Our modern style Amish Nightstand will be a great addition to your bedroom suite.\n\n<strong>Dimensions</strong>: 8"" h x 24""w x 18"" deep  drawer face is 6 1/2""h\n\nQuick Ship available in Sap Cherry\n\n&nbsp;","This Cambridge nightstand is shown in Sap Cherry (OCS 119) with a DBH2000 handle.\n\nIt is also available in our other Mid Century Bedroom styles.\n\nKenton: #1815\nCambridge: #1917\nHudson: #1743\nFairport: #1644","Builders, Builders > Honey Run Woodcraft",Modern Style,https://products.viztechfurniture.com/wp-content/uploads/2020/05/cambrige-nightstand.jpg,,,,,,,,,,,,,,,,
9198,simple,HRW-Doo1sPS-9198,Detail of our 16 slat Platform System,,,"Builders, Builders > Honey Run Woodcraft",,https://products.viztechfurniture.com/wp-content/uploads/2020/05/detailed-slat-system.jpg,,,,,,,,,,,,,,,,
11582,simple,HRW-K6D-11582,"Kenton 66"" Dresser",,"<strong>Dimensions: </strong> 66""W x  18""D x 34""H\n\nOur modern style Amish Dresser will be a great addition to your bedroom suite. This product features:\n\nMid Century Modern Design\nSolid Mitered Case Construction\nDovetailed Drawers\nTapered Round Legs\nX Base","Bedroom, Builders, Bedroom > Dressers, Builders > Honey Run Woodcraft","Kenton Bedroom Collection, Modern Style",https://products.viztechfurniture.com/wp-content/uploads/2020/01/HRW-Kenton-dresser.jpg,,,,,,,,,,,,,,,,
11586,simple,HRW-K2N-11586,Kenton 2-Drawer Nightstand,Our modern style Amish Nightstand will be a great addition to your bedroom,"<strong>Dimensions:</strong>  24""W x 18""D x 25¾""H","Bedroom, Builders, Builders > Honey Run Woodcraft, Bedroom > Night Stands","Kenton Bedroom Collection, Modern Style",https://products.viztechfurniture.com/wp-content/uploads/2020/01/HRW-Kenton-2-Drawer-Nightstand.jpg,,,,,,,,,,,,,,,,
13140,simple,HRW-CBC-13140,Cambridge Bedroom Collection,,,"Builders, Bedroom > Collections, Builders > Honey Run Woodcraft",,https://products.viztechfurniture.com/wp-content/uploads/2020/02/Cambridge_room_print_041416.jpg,,,,,,,,,,,,,,,,
13142,simple,HRW-KBC-13142,Kenton Bedroom Collection,,,"Builders, Bedroom > Collections, Builders > Honey Run Woodcraft",,https://products.viztechfurniture.com/wp-content/uploads/2020/02/Kenton_room_print_022516.jpg,,,,,,,,,,,,,,,,
13147,simple,HRW-CSBC-13147,Classic Shaker Bedroom Collection,,,"Builders, Bedroom > Collections, Builders > Honey Run Woodcraft",Shaker Style,https://products.viztechfurniture.com/wp-content/uploads/2020/02/Classic_Shaker_room.jpg,,,,,,,,,,,,,,,,
13158,simple,HRW-WBC-13158,Willow Bedroom Collection,,,"Builders, Bedroom > Collections, Builders > Honey Run Woodcraft",,https://products.viztechfurniture.com/wp-content/uploads/2020/02/Willow_Glen_Suite_room-1024x853-1.jpg,,,,,,,,,,,,,,,,
13163,simple,HRW-LBC-13163,Legacy Bedroom Collection,,,"Builders, Bedroom > Collections, Builders > Honey Run Woodcraft",HRW Legacy Bedroom Collection,https://products.viztechfurniture.com/wp-content/uploads/2020/02/Legacy_room.jpg,,,,,,,,,,,,,,,,
13170,simple,HRW-SCBC-13170,Stone Creek Bedroom Collection,,,"Builders, Bedroom > Collections, Builders > Honey Run Woodcraft",,https://products.viztechfurniture.com/wp-content/uploads/2020/02/Stone-Creek-Room-Setting.jpg,,,,,,,,,,,,,,,,
34165,simple,5864,Benton Bedroom Collection,,"Benton Queen Bed\n\nFootboard: 17""H | Footboard: 50""H\n\nShown in Sap Cherry with FC Chestnut","Bedroom, Builders, Builders > Honey Run Woodcraft",New Products,https://products.viztechfurniture.com/wp-content/uploads/2020/05/Benton-Collection-Edit-1.jpg,,,,,,,,,,,,,,,,
34167,simple,B-124,Benton Nightstand,,"24"" W x 18 1/4"" D x 26 1/2"" H\n\nShown in Sap Cherry with FC Chestnut\n\nStandard Hardware: K426-SN","Bedroom, Builders, Builders > Honey Run Woodcraft, Bedroom > Night Stands",New Products,https://products.viztechfurniture.com/wp-content/uploads/2020/05/Benton-Nightstand_B124-1-1024x853-1.jpg,,,,,,,,,,,,,,,,
34169,simple,B-441,Benton 4 Drawer Chest,,"<strong>Dimensions:</strong> 35 1/4""W x 18 1/4""D x 41 1/2""H\n\n<strong>Shown With:</strong>\nWood: Sap Cherry\nStain: FC Chestnut\nStandard Hardware: K426-SN","Bedroom, Builders, Bedroom > Chests > Chest of Drawers, Bedroom > Chests, Builders > Honey Run Woodcraft","Best Sellers, New Products",https://products.viztechfurniture.com/wp-content/uploads/2020/05/HR-Benton-Chest-of-Drawers.jpg,,,,,,,,,,,,,,,,
34171,simple,B-658,"Benton 57"" Dresser",,"<strong>Dimensions: </strong> 58""W x 18¼""D x 35""H\n\n\n<strong>Shown With: </strong>\n<em><strong>Wood: </strong></em> Sap Cherry \n<em><strong>Stain: </strong></em>FC Chestnut\n<em><strong>Hardware: </strong></em> K426-SN","Bedroom, Builders, Bedroom > Dressers, Builders > Honey Run Woodcraft",New Products,https://products.viztechfurniture.com/wp-content/uploads/2020/05/HRW-Benton-57-Dresser.jpg,,,,,,,,,,,,,,,,
56888,simple,1911,Landscape Mirror,,"50"" x 36""h","Bedroom, Builders, Builders > Honey Run Woodcraft, Bedroom > Mirrors, Bedroom > Mirrors > Wall","Hudson Bedroom Collection, Quick Ship",https://products.viztechfurniture.com/wp-content/uploads/2020/08/Hudson-Mirror-Sap-Cherry-FC-Malaguania-1.jpg,,,,,,,,,,,,,,,,
56892,simple,HRW-HBC-56892,Hudson Bedroom Collection,,,"Bedroom, Builders, Bedroom > Collections, Builders > Honey Run Woodcraft","Hudson Bedroom Collection, Modern Style",https://products.viztechfurniture.com/wp-content/uploads/2020/08/Urbanna-Room-Setting-Brown-Maple-FC-Shadow-2.jpg,,,,,,,,,,,,,,,,
119792,simple,1813,Kenton Bedside Table,,,"Bedroom, Builders, Builders > Honey Run Woodcraft, Bedroom > Night Stands","Best Sellers, Modern Style",https://products.viztechfurniture.com/wp-content/uploads/2021/02/1813-Kenton-Bedside-Table.jpg,,,,,,,,,,,,,,,,
302019,simple,HRWRC,Reveal Collection,,"<strong>Shown With:</strong>\nWood: Red Oak\nStain: FC Carbon\nHardware: TK943HB","Bedroom, Builders, Bedroom > Collections, Builders > Honey Run Woodcraft","Honey Run Woodcraft Reveal Collection, Modern Style, New Products, Quick Ship","https://products.viztechfurniture.com/wp-content/uploads/2022/02/Reveal-King-Bed-Room-Setting-Oak-FC-50240-Carbon-Cropped.jpg, https://products.viztechfurniture.com/wp-content/uploads/2022/02/Reveal-King-Bed-Room-Setting-Oak-FC-50240-Carbon-Full.jpg, https://products.viztechfurniture.com/wp-content/uploads/2022/02/Reveal-Room-Setting-Full.jpg",,,,,,,,,,,,,,,,
563798,simple,HRW-R-390UP44,Reveal King Bed,,"<strong>Dimensions:</strong>\n83½""W  x 90""L\n\n<strong>Shown with:</strong>\nWood: Red Oak\nStain: FC 50240 Carbon\n\n<strong>Available in:</strong>\n<ul>\n 	<li>39"" Headboard</li>\n 	<li>44"" Headboard</li>\n 	<li>44"" Upholstered Headboard</li>\n 	<li>49"" Framed and Upholstered Headboard</li>\n</ul>\n<strong>All Styles available in:</strong>\n<ul>\n 	<li>Twin</li>\n 	<li>Twin XL</li>\n 	<li>Full</li>\n 	<li>Queen</li>\n 	<li>King</li>\n</ul>\n\n<strong>Item Code</strong>\nR-390UP44","Bedroom, Bedroom > Beds, Builders, Builders > Honey Run Woodcraft","Honey Run Woodcraft Reveal Collection, New Products, Quick Ship","https://products.viztechfurniture.com/wp-content/uploads/2023/05/Reveal-King-Bed-Red-Oak-FC-Carbon.jpg, https://products.viztechfurniture.com/wp-content/uploads/2022/02/Reveal-King-Bed-Room-Setting-Oak-FC-50240-Carbon-Full.jpg, https://products.viztechfurniture.com/wp-content/uploads/2022/02/Reveal-Room-Setting-Full.jpg",Bed Options,"39"" Headboard, 44"" Headboard, Alabaster Cloth Headboard, Alabaster Upholstered Headboard, Crummy Cloth Headboard, Crummy Upholstered Headboard",0,1,Color,"Sap Cherry: FC Chestnut, Sap Cherry: OCS Coco",0,1,,,,,,,,
651306,simple,HRW-1835,Kenton Lingerie Chest,,"<strong>Dimensions:</strong> 24""W x 19""D x 55½""H\n\n<strong>Shown With: </strong>\n<em><strong>Wood: </strong></em>Sap Cherry\n<em><strong>Stain: </strong></em>OCS 119 Cappuccino\n<em><strong>Hardware: </strong></em>Dark Bronze DBH-2000\n\n<strong>Features:</strong>\n• Solid wood cases\n• Round-angled legs\n• Full extension side mount drawer slides\n\n<strong>Item Code: </strong>1835","Bedroom, Builders, Bedroom > Chests, Builders > Honey Run Woodcraft, Bedroom > Chests > Lingerie Chest",HRW Kenton Bedroom Collection,https://products.viztechfurniture.com/wp-content/uploads/2024/02/Kenton-Lingerie-Chest-Sap-Cherry-OCS-119-Cappuccino.jpg,,,,,,,,,,,,,,,,
783583,simple,HRW-CC,Contour Collection,,"<strong>Shown With:</strong>\n<em><strong>Wood: </strong></em> Brown Maple\n<em><strong>Stain: </strong></em> FC Harvest Brown\n\n<strong>This collection includes:</strong>\n• Contour bed\n• 66"" Dresser\n• Nightstand\n\n<strong>Collection Standard Features:</strong>\n• Dovetailed drawers\n• Full extension drawer slides\n• Solid wood sides\n• Sturdy Act Compliant","Bedroom, Builders, Bedroom > Collections, Builders > Honey Run Woodcraft","HRW Contour Collection, New Products, Shaker Style","https://products.viztechfurniture.com/wp-content/uploads/2024/08/Honey-Run-Woodcraft-Contour-Collection-Room-Setting-Brown-Maple-FC-Harvest-Brown-FINAL.jpg, https://products.viztechfurniture.com/wp-content/uploads/2024/08/gallery-Honey-Run-Woodcraft-Contour-Collection-Room-Setting-Brown-Maple-FC-Harvest-Brown-FINAL.jpg, https://products.viztechfurniture.com/wp-content/uploads/2024/08/Honey-Run-Woodcraft-Contour-Collection-Room-Setting-Brown-Maple-FC-Harvest-Brown-Headboard-FINAL.jpg",,,,,,,,,,,,,,,,
