Meta: ID,Type,SKU,Name,Short description,Description,Categories,Tags,Images,Parent,Attribute 1 name,Attribute 1 value(s),Attribute 1 visible,Attribute 1 global,Attribute 1 default,Attribute 2 name,Attribute 2 value(s),Attribute 2 visible,Attribute 2 global,Attribute 2 default,Attribute 3 name,Attribute 3 value(s),Attribute 3 visible,Attribute 3 global,Attribute 3 default
4203,variable,RVC-B,Reveal Queen Bed,,"<strong>Shown with:</strong> Queen Bed - 67""W  x 90""L\n<strong>Available in:</strong>\n<ul>\n 	<li>39"" Headboard</li>\n 	<li>44"" Headboard</li>\n 	<li>44"" Upholstered Headboard</li>\n 	<li>49"" Framed and Upholstered Headboard</li>\n</ul>\n<strong>All Styles available in:</strong>\n<ul>\n 	<li>Twin</li>\n 	<li>Twin XL</li>\n 	<li>Full</li>\n 	<li>Queen</li>\n 	<li>King</li>\n</ul>","Bedroom, Bedroom > Beds, Builders, Builders > Honey Run Woodcraft, Bedroom > Beds > Standard Bed","Design Center, Honey Run Woodcraft Reveal Collection, New Products, Quick Ship","https://products.viztechfurniture.com/wp-content/uploads/2022/01/Reveal-Qeen-Bed-Upholstery-Wrapped-Headboard-Sap-Cherry-FC-104-Chestnut.jpg, https://products.viztechfurniture.com/wp-content/uploads/2022/02/Reveal-King-Bed-Room-Setting-Oak-FC-50240-Carbon-Full.jpg, https://products.viztechfurniture.com/wp-content/uploads/2022/02/Reveal-Room-Setting-Full.jpg",,Bed Options,"39"" Headboard, 44"" Headboard, Alabaster Cloth Headboard, Alabaster Upholstered Headboard, Crummy Cloth Headboard, Crummy Upholstered Headboard",0,1,"44"" Headboard",Color,"Sap Cherry: FC Chestnut, Sap Cherry: OCS Coco",0,1,Sap Cherry: FC Chestnut,,,,,
34177,variable,R-226,"Reveal 26"" 2 Drawer Nightstand",,"<strong>Dimensions:</strong>\n22½""W x 18¾""D x 26""H\n\n<strong>Wood Options:</strong>\nBrown Maple, Sap Cherry, Red Oak\n\n<strong>Item Code:</strong>\nR-226","Bedroom, Builders, Builders > Honey Run Woodcraft, Bedroom > Night Stands","Design Center, Honey Run Woodcraft Reveal Collection, New Products","https://products.viztechfurniture.com/wp-content/uploads/2023/03/Reveal-R226-2-Drawer-Night-Stand-Kinney-Sap-Cherry-OCS-122-Coco-1.jpg, https://products.viztechfurniture.com/wp-content/uploads/2022/02/Reveal-King-Bed-Room-Setting-Oak-FC-50240-Carbon-Full.jpg, https://products.viztechfurniture.com/wp-content/uploads/2022/02/Reveal-Room-Setting-Full.jpg",,Color,"Red Oak: FC Carbon, Sap Cherry: FC Chestnut, Sap Cherry: OCS Coco",0,1,Sap Cherry: OCS Coco,Hardware,"635-160-BG, 635-160-SN, TK943HB",0,1,TK943HB,,,,,
34179,variable,R-453,Reveal 4 Drawer Chest,,"<strong>Dimensions:</strong>\n37½""W x 20¾""D x 52½""H\n\n<strong>Wood Options:</strong>\nBrown Maple, Sap Cherry, Red Oak\n\n<strong>Item Code:</strong>\nR-453","Bedroom, Builders, Bedroom > Chests > Chest of Drawers, Bedroom > Chests, Builders > Honey Run Woodcraft","Best Sellers, Design Center, Honey Run Woodcraft Reveal Collection, New Products, Quick Ship","https://products.viztechfurniture.com/wp-content/uploads/2023/03/Reveal-R353-4-Drawer-Chest-BG-Red-Oak-FC-Carbon.jpg, https://products.viztechfurniture.com/wp-content/uploads/2022/02/Reveal-King-Bed-Room-Setting-Oak-FC-50240-Carbon-Full.jpg, https://products.viztechfurniture.com/wp-content/uploads/2022/02/Reveal-Room-Setting-Full.jpg",,Color,"Red Oak: FC Carbon, Sap Cherry: FC Chestnut, Sap Cherry: OCS Coco",0,1,Red Oak: FC Carbon,Hardware,"635-160-BG, 635-160-SN, TK943HB",0,1,635-160-BG,,,,,
34181,variable,R-668,"Reveal 68"" Dresser",,"<strong>Dimensions:</strong>\n57½""W x 20¾""D x 36¾""H\n\n<strong>Wood Options:</strong>\nBrown Maple, Sap Cherry, Red Oak\n\n<strong>Item Code:</strong>\nR-658","Bedroom, Builders, Bedroom > Dressers, Builders > Honey Run Woodcraft","Best Sellers, Design Center, Honey Run Woodcraft Reveal Collection, Quick Ship","https://products.viztechfurniture.com/wp-content/uploads/2023/03/Reveal-R668-Dresser-BG-Red-Oak-FC-Carbon.jpg, https://products.viztechfurniture.com/wp-content/uploads/2022/02/Reveal-King-Bed-Room-Setting-Oak-FC-50240-Carbon-Full.jpg, https://products.viztechfurniture.com/wp-content/uploads/2022/02/Reveal-Room-Setting-Full.jpg",,Color,"Red Oak: FC Carbon, Sap Cherry: FC Chestnut, Sap Cherry: OCS Coco",0,1,Red Oak: FC Carbon,Hardware,"635-160-BG, 635-160-SN, TK943HB",0,1,635-160-BG,,,,,
55356,variable,1743,Hudson Nightstand,,"24""w x 18""d x 22 3/4""h","Bedroom, Builders, Builders > Honey Run Woodcraft, Bedroom > Night Stands","Design Center, Hudson Bedroom Collection","https://products.viztechfurniture.com/wp-content/uploads/2020/07/Hudson-Nighstand-Sap-Cherry-FC-Malaguania-pa0123-SN.jpg, https://products.viztechfurniture.com/wp-content/uploads/2020/07/Urbanna-Room-Setting-Brown-Maple-FC-Shadow.jpg",,Hardware,"Dark Bronze Handle DBH-2000, Silver Knob #PA0123-SN",0,1,Silver Knob #PA0123-SN,Stain Options,"Brown Maple: FC Malaguania, Brown Maple: FC Shadow, Sap Cherry: FC Chestnut, Sap Cherry: FC Malaguania, Sap Cherry: OCS-119",0,1,Sap Cherry: FC Malaguania,,,,,
55472,variable,1730,Hudson Chest,,"34 1/2""w x 18""d x 44 1/2""h","Bedroom, Builders, Bedroom > Chests > Chest of Drawers, Bedroom > Chests, Builders > Honey Run Woodcraft","Design Center, Hudson Bedroom Collection","https://products.viztechfurniture.com/wp-content/uploads/2020/07/Hudson-Chest-Brown-Maple-FC-Malaguania-pa0123-SN-2.jpg, https://products.viztechfurniture.com/wp-content/uploads/2020/07/Urbanna-Room-Setting-Brown-Maple-FC-Shadow.jpg",,Hardware,"Dark Bronze Handle DBH-2000, Silver Knob #PA0123-SN",0,1,Silver Knob #PA0123-SN,Stain Options,"Brown Maple: FC Malaguania, Brown Maple: FC Shadow, Sap Cherry: FC Chestnut, Sap Cherry: FC Malaguania, Sap Cherry: OCS-119",0,1,Brown Maple: FC Malaguania,,,,,
55587,variable,1728,Hudson Dresser,,"<strong>66"" Dresser</strong>\n\n66""w x 18""d x 34""h","Bedroom, Builders, Bedroom > Dressers, Builders > Honey Run Woodcraft","Best Sellers, Design Center, Hudson Bedroom Collection","https://products.viztechfurniture.com/wp-content/uploads/2020/08/product-image-e1629223830882.png, https://products.viztechfurniture.com/wp-content/uploads/2020/08/Urbanna-Room-Setting-Brown-Maple-FC-Shadow.jpg",,Stain Options,"Brown Maple: FC Malaguania, Brown Maple: FC Shadow, Sap Cherry: FC Chestnut, Sap Cherry: FC Malaguania, Sap Cherry: OCS-119",0,1,Brown Maple: FC Shadow,Hardware,"Dark Bronze Handle DBH-2000, Silver Knob #PA0123-SN",0,1,Silver Knob #PA0123-SN,Mirror,"Add Mirror, No Mirror",0,1,No Mirror
55631,variable,2235,Urbana Queen Bed,,"67""w 90""d Headboard 39""\n\nQuick ship bed available in:\n\n#2230 - <strong>Twin</strong>\n\n#2230XL - <strong>Twin XL</strong>\n\n#2231 - <strong>Full</strong>\n\n#2235 - <strong>Queen</strong>\n\n#2239 - <strong>King</strong>\n\nQuick ship bed only available in these wood species:\n\n<strong>Sap Cherry</strong>","Bedroom, Bedroom > Beds, Builders, Builders > Honey Run Woodcraft, Bedroom > Beds > Standard Bed","Design Center, Hudson Bedroom Collection, Modern Style","https://products.viztechfurniture.com/wp-content/uploads/2022/01/Urbanna_Queen_Bed_Short_Headboard_Brown_Maple_OCS_Seely.jpg, https://products.viztechfurniture.com/wp-content/uploads/2020/08/Urbanna-Room-Setting-Brown-Maple-FC-Shadow-1.jpg",,Stain Options,"Brown Maple: FC Shadow, Brown Maple: OCS Seely, Sap Cherry: FC Chestnut, Sap Cherry: FC Malaguania, Sap Cherry: OCS-119",0,1,Brown Maple: OCS Seely,Bed Options,"39"" Headboard, 44"" Headboard, Alabaster Cloth Headboard, Alabaster Upholstered Headboard, Crummy Cloth Headboard, Crummy Upholstered Headboard",0,1,"39"" Headboard",,,,,
55982,variable,HRW-5864,Benton Bed,,"Benton Queen Bed\n\nFootboard: 17""H | Headboard: 50""H","Bedroom, Bedroom > Beds, Builders, Builders > Honey Run Woodcraft, Bedroom > Beds > Standard Bed","Best Sellers, Design Center, Honey Run Woodcraft Reveal Collection, Modern Style, Quick Ship","https://products.viztechfurniture.com/wp-content/uploads/2022/01/Benton-Queen-Bed-Sap-Cherry-FC-122-Coco.jpg, https://products.viztechfurniture.com/wp-content/uploads/2022/02/Reveal-Room-Setting-Full.jpg",,Color,"Sap Cherry: FC Chestnut, Sap Cherry: OCS Coco",0,1,Sap Cherry: OCS Coco,,,,,,,,,,
301879,variable,R-342,Reveal 3 Drawer Chest,,"<strong>Dimensions:</strong>\n37½""W x 20¾""D x 42""H\n\n<strong>Wood Options:</strong>\nBrown Maple, Sap Cherry, Red Oak\n\n<strong>Item Code:</strong>\nR-342","Bedroom, Builders, Bedroom > Chests > Chest of Drawers, Bedroom > Chests, Builders > Honey Run Woodcraft","Design Center, Honey Run Woodcraft Reveal Collection, Modern Style, New Products","https://products.viztechfurniture.com/wp-content/uploads/2022/02/0000_R342-Reveal-3-Drawer-Chest-Sap-Cherry-OCS-122-Coco.jpg, https://products.viztechfurniture.com/wp-content/uploads/2022/02/Reveal-King-Bed-Room-Setting-Oak-FC-50240-Carbon-Full.jpg, https://products.viztechfurniture.com/wp-content/uploads/2022/02/Reveal-Room-Setting-Full.jpg",,Color,"Red Oak: FC Carbon, Sap Cherry: FC Chestnut, Sap Cherry: OCS Coco",0,1,Red Oak: FC Carbon,Hardware,"635-160-BG, 635-160-SN, TK943HB",0,1,635-160-BG,,,,,
301880,variable,R-658,"Reveal 58"" Dresser",,"<strong>Dimensions:</strong>\n57½""W x 20¾""D x 36¾""H\n\n<strong>Wood Options:</strong>\nBrown Maple, Sap Cherry, Red Oak\n\n<strong>Item Code:</strong>\nR-658","Bedroom, Builders, Bedroom > Dressers, Builders > Honey Run Woodcraft","Design Center, Honey Run Woodcraft Reveal Collection, Modern Style, New Products, Quick Ship","https://products.viztechfurniture.com/wp-content/uploads/2023/03/Reveal-R658-Dresser-SN-Sap-Cherry-FC-Chestnut.jpg, https://products.viztechfurniture.com/wp-content/uploads/2022/02/Reveal-King-Bed-Room-Setting-Oak-FC-50240-Carbon-Full.jpg, https://products.viztechfurniture.com/wp-content/uploads/2022/02/Reveal-Room-Setting-Full.jpg",,Color,"Red Oak: FC Carbon, Sap Cherry: FC Chestnut, Sap Cherry: OCS Coco",0,1,Sap Cherry: FC Chestnut,Hardware,"635-160-BG, 635-160-SN, TK943HB",0,1,635-160-SN,,,,,
301881,variable,R-224,"Reveal 24"" 2 Drawer Nightstand",,"<strong>Dimensions:</strong>\n22½""W x 18¾""D x 24""H\n\n<strong>Wood Options:</strong>\nBrown Maple, Sap Cherry, Red Oak\n\n<strong>Item Code:</strong>\nR-224","Bedroom, Builders, Builders > Honey Run Woodcraft, Bedroom > Night Stands","Design Center, Honey Run Woodcraft Reveal Collection, Modern Style, Quick Ship","https://products.viztechfurniture.com/wp-content/uploads/2023/03/Reveal-R224-2-Drawer-Night-Stand-BG-Sap-Cherry-FC-Chestnut.jpg, https://products.viztechfurniture.com/wp-content/uploads/2022/02/Reveal-King-Bed-Room-Setting-Oak-FC-50240-Carbon-Full.jpg, https://products.viztechfurniture.com/wp-content/uploads/2022/02/Reveal-Room-Setting-Full.jpg",,Color,"Red Oak: FC Carbon, Sap Cherry: FC Chestnut, Sap Cherry: OCS Coco",0,1,Sap Cherry: FC Chestnut,Hardware,"635-160-BG, 635-160-SN, TK943HB",0,1,635-160-BG,,,,,
301883,variable,R-230,Reveal 3 Drawer Nightstand,,"<strong>Dimensions:</strong>\n22½""W x 18¾""D x 30""H\n\n<strong>Wood Options:</strong>\nBrown Maple, Sap Cherry, Red Oak\n\n<strong>Item Code:</strong>\nR-230","Bedroom, Builders, Builders > Honey Run Woodcraft, Bedroom > Night Stands","Design Center, Honey Run Woodcraft Reveal Collection, Modern Style, New Products, Quick Ship","https://products.viztechfurniture.com/wp-content/uploads/2023/03/Reveal-R230-3-Drawer-Night-Stand-BG-Sap-Cherry-OCS-122-Coco.jpg, https://products.viztechfurniture.com/wp-content/uploads/2022/02/Reveal-King-Bed-Room-Setting-Oak-FC-50240-Carbon-Full.jpg, https://products.viztechfurniture.com/wp-content/uploads/2022/02/Reveal-Room-Setting-Full.jpg",,Color,"Red Oak: FC Carbon, Sap Cherry: FC Chestnut, Sap Cherry: OCS Coco",0,1,Sap Cherry: OCS Coco,Hardware,"635-160-BG, 635-160-SN, TK943HB",0,1,635-160-BG,,,,,
301884,variable,R-130,Reveal 1 Drawer Open Nightstand,,"<strong>Dimensions:</strong>\n22½""W x 18¾""D x 30""H\n\n<strong>Wood Options:</strong>\nBrown Maple, Sap Cherry, Red Oak\n\n<strong>Item Code:</strong>\nR-130","Bedroom, Builders, Builders > Honey Run Woodcraft, Bedroom > Night Stands","Design Center, Honey Run Woodcraft Reveal Collection, Modern Style, New Products","https://products.viztechfurniture.com/wp-content/uploads/2023/03/Reveal-R126-Open-Nightstand-BG-Sap-Cherry-FC-Chestnut-1.jpg, https://products.viztechfurniture.com/wp-content/uploads/2022/02/Reveal-King-Bed-Room-Setting-Oak-FC-50240-Carbon-Full.jpg, https://products.viztechfurniture.com/wp-content/uploads/2022/02/Reveal-Room-Setting-Full.jpg",,Color,"Red Oak: FC Carbon, Sap Cherry: FC Chestnut, Sap Cherry: OCS Coco",0,1,Sap Cherry: FC Chestnut,Hardware,"635-160-BG, 635-160-SN, TK943HB",0,1,635-160-BG,,,,,
728887,variable,HRW-1113,Reveal Accord Platform Bed,,"<strong>Dimensions:</strong>\n<em><strong>Size:</strong></em> 63""W x 89""L\nHeadboard: 45½""H\nFootboard: 14½""H\n\n<strong>Item Code:</strong> 1113","Bedroom, Bedroom > Beds, Builders, Builders > Honey Run Woodcraft","Design Center, Honey Run Woodcraft Reveal Collection, Modern Style, New Products",https://products.viztechfurniture.com/wp-content/uploads/2024/09/Honey-Run-Woodcraft-Collection-Accord-Queen-Bed-Cloth-Standard-Cloth-Headboard-Sap-Cherry-OCS-Coco.jpg,,Color,"Brown Maple: FC Harvest, Red Oak: FC Carbon, Sap Cherry: FC Chestnut, Sap Cherry: OCS Coco",1,1,Sap Cherry: OCS Coco,Configuration,"Standard Bed, Storage Rails",1,1,Standard Bed,Headboard Options,"Upholstered Headboard, Wood Headboard",1,1,Upholstered Headboard
782240,variable,HRW-2456/2450,"Contour 56"" Dresser",,"<strong>Dimensions:</strong>\n<em><strong>Dresser:</strong></em> 56½""W x 21""D x 38¾""H\n<em><strong>Mirror:</strong></em> 50""W x 36¾""H\n\n<strong>Features:</strong>\n• Dovetailed drawers\n• Full extension drawer slides\n• Solid wood sides\n• Sturdy Act compliant\n\n<strong>Item Code:</strong>\n<em><strong>Dresser:</strong></em> 2456\n<em><strong>Mirror:</strong></em> 2450","Bedroom, Builders, Bedroom > Dressers, Builders > Honey Run Woodcraft","Design Center, HRW Contour Collection, New Products, Shaker Style","https://products.viztechfurniture.com/wp-content/uploads/2024/08/Honey-Run-Woodcraft-Contour-56in-Dresser-With-Mirror-Brown-Maple-FC-Harvest-Brown.jpg, https://products.viztechfurniture.com/wp-content/uploads/2024/07/Honey-Run-Woodcraft-Contour-Collection-Room-Setting-Brown-Maple-FC-Harvest-Brown.jpg, https://products.viztechfurniture.com/wp-content/uploads/2024/07/Honey-Run-Woodcraft-Contour-Collection-Room-Setting-Brown-Maple-FC-Harvest-Brown-Headboard.jpg",,Color,"Brown Maple: FC Harvest, QSWO: FC Seashell, Red Oak: AMS Black Ink",1,1,Brown Maple: FC Harvest,Mirror,"Add Mirror, No Mirror",1,1,Add Mirror,,,,,
782241,variable,HRW-2466/2450,"Contour 66"" Dresser",,"<strong>Dimensions:</strong>\n<em><strong>Dresser:</strong></em> 66½""W x 21""D x 38¾""H\n<em><strong>Mirror:</strong></em> 50""W x 36¾""H\n\n<strong>Features:</strong>\n• Dovetailed drawers\n• Full extension drawer slides\n• Solid wood sides\n• Sturdy Act compliant\n\n<strong>Item Code:</strong>\n<em><strong>Dresser:</strong></em> 2456\n<em><strong>Mirror:</strong></em> 2450","Bedroom, Builders, Bedroom > Dressers, Builders > Honey Run Woodcraft","Design Center, HRW Contour Collection, New Products, Shaker Style","https://products.viztechfurniture.com/wp-content/uploads/2024/08/Honey-Run-Woodcraft-Contour-66in-Dresser-Brown-Maple-FC-Harvest-Brown.jpg, https://products.viztechfurniture.com/wp-content/uploads/2024/07/Honey-Run-Woodcraft-Contour-Collection-Room-Setting-Brown-Maple-FC-Harvest-Brown-Headboard.jpg, https://products.viztechfurniture.com/wp-content/uploads/2024/07/Honey-Run-Woodcraft-Contour-Collection-Room-Setting-Brown-Maple-FC-Harvest-Brown.jpg",,Color,"Brown Maple: FC Harvest, QSWO: FC Seashell, Red Oak: AMS Black Ink",1,1,Brown Maple: FC Harvest,Mirror,"Add Mirror, No Mirror",1,1,Add Mirror,,,,,
782867,variable,HRW-2438,Contour 4 Drawer Chest,,"<strong>Dimensions: </strong>38½""W x 21""D x 54½""H\n\n<strong>Features:</strong>\n• Dovetailed drawers\n• Full extension drawer slides\n• Solid wood sides\n• Sturdy Act compliant\n\n<strong>Item Code: </strong>2438","Bedroom, Builders, Bedroom > Chests > Chest of Drawers, Bedroom > Chests, Builders > Honey Run Woodcraft","Design Center, HRW Contour Collection, New Products, Shaker Style","https://products.viztechfurniture.com/wp-content/uploads/2024/08/Honey-Run-Woodcraft-Contour-4-Drawer-Chest-Brown-Maple-FC-Harvest-Brown.jpg, https://products.viztechfurniture.com/wp-content/uploads/2024/07/Honey-Run-Woodcraft-Contour-Collection-Room-Setting-Brown-Maple-FC-Harvest-Brown-Headboard.jpg, https://products.viztechfurniture.com/wp-content/uploads/2024/07/Honey-Run-Woodcraft-Contour-Collection-Room-Setting-Brown-Maple-FC-Harvest-Brown.jpg",,Color,"Brown Maple: FC Harvest, QSWO: FC Seashell, Red Oak: AMS Black Ink",1,1,Brown Maple: FC Harvest,,,,,,,,,,
782870,variable,HRW-2428,Contour 3 Drawer Nightstand,,"<strong>Dimensions: </strong>28""W x 18⅛""D x 31""H\n\n<strong>Features:</strong>\n• Dovetailed drawers\n• Full extension drawer slides\n• Solid wood sides\n• Sturdy Act compliant\n\n<strong>Item Code: </strong>2428","Bedroom, Builders, Builders > Honey Run Woodcraft, Bedroom > Night Stands","Design Center, HRW Contour Collection, New Products, Shaker Style","https://products.viztechfurniture.com/wp-content/uploads/2024/08/Honey-Run-Woodcraft-Contour-3-Drawer-Nightstand-Brown-Maple-FC-Harvest-Brown.jpg, https://products.viztechfurniture.com/wp-content/uploads/2024/07/Honey-Run-Woodcraft-Contour-Collection-Room-Setting-Brown-Maple-FC-Harvest-Brown.jpg, https://products.viztechfurniture.com/wp-content/uploads/2024/07/Honey-Run-Woodcraft-Contour-Collection-Room-Setting-Brown-Maple-FC-Harvest-Brown-Headboard.jpg",,Color,"Brown Maple: FC Harvest, QSWO: FC Seashell, Red Oak: AMS Black Ink",1,1,Brown Maple: FC Harvest,,,,,,,,,,
782871,variable,HRW-2482U,Contour King Platform Bed,,"<strong>Dimensions:</strong>\n<em><strong>King Size:</strong></em> 81¼""W x 84¾""L\nHeadboard: 54""H\nFootboard: 13""H\n\n<strong>Features:</strong>\n• Slat platform\n\n<strong>Options:</strong>\n• Wood or upholstered headboard\n\n<strong>Item Code: </strong>2482U","Bedroom, Bedroom > Beds, Builders, Builders > Honey Run Woodcraft","Design Center, HRW Contour Collection, New Products, Shaker Style","https://products.viztechfurniture.com/wp-content/uploads/2024/08/Honey-Run-Woodcraft-Contour-King-Bed-Upholstered-Headboard-Brown-Maple-FC-Harvest-Brown.jpg, https://products.viztechfurniture.com/wp-content/uploads/2024/07/Honey-Run-Woodcraft-Contour-Collection-Room-Setting-Brown-Maple-FC-Harvest-Brown.jpg, https://products.viztechfurniture.com/wp-content/uploads/2024/07/Honey-Run-Woodcraft-Contour-Collection-Room-Setting-Brown-Maple-FC-Harvest-Brown-Headboard.jpg",,Color,"Brown Maple: FC Harvest, QSWO: FC Seashell, Red Oak: AMS Black Ink",1,1,Brown Maple: FC Harvest,Headboard Options,"Upholstered Headboard, Wood Headboard",1,1,Upholstered Headboard,,,,,
303593,variation,HRW-R-381F49-303593,Reveal Queen Bed,,,,,https://products.viztechfurniture.com/wp-content/uploads/2022/02/Reveal-Qeen-Bed-Upholstery-Framed-Headboard-Crummy-Sap-Cherry-OCS-122-Coco.jpg,RVC-B,Bed Options,Crummy Upholstered Headboard,,1,,Color,Sap Cherry: OCS Coco,,1,,,,,,
303583,variation,HRW-R-381-303583,Reveal Queen Bed,,,,,https://products.viztechfurniture.com/wp-content/uploads/2022/02/Reveal-Qeen-Bed-Short-Headboard-Sap-Cherry-OCS-122-Coco.jpg,RVC-B,Bed Options,"39"" Headboard",,1,,Color,Sap Cherry: OCS Coco,,1,,,,,,
303585,variation,HRW-R-38144-303585,Reveal Queen Bed,,,,,https://products.viztechfurniture.com/wp-content/uploads/2022/02/Reveal-Qeen-Bed-Taller-Headboard-Sap-Cherry-OCS-122-Coco.jpg,RVC-B,Bed Options,"44"" Headboard",,1,,Color,Sap Cherry: OCS Coco,,1,,,,,,
303587,variation,HRW-R-381UP44-303587,Reveal Queen Bed,,,,,https://products.viztechfurniture.com/wp-content/uploads/2022/02/Reveal-Qeen-Bed-Alabaster-Cloth-Headboard-Sap-Cherry-OCS-122-Coco.jpg,RVC-B,Bed Options,Alabaster Cloth Headboard,,1,,Color,Sap Cherry: OCS Coco,,1,,,,,,
303589,variation,HRW-R-381F49-303589,Reveal Queen Bed,,,,,https://products.viztechfurniture.com/wp-content/uploads/2022/02/Reveal-Qeen-Bed-Upholstery-Framed-Headboard-Alabaster-Sap-Cherry-OCS-122-Coco.jpg,RVC-B,Bed Options,Alabaster Upholstered Headboard,,1,,Color,Sap Cherry: OCS Coco,,1,,,,,,
303591,variation,HRW-R-381UP44-303591,Reveal Queen Bed,,,,,https://products.viztechfurniture.com/wp-content/uploads/2022/02/Reveal-Qeen-Bed-Crummy-Cloth-Headboard-Sap-Cherry-OCS-122-Coco.jpg,RVC-B,Bed Options,Crummy Cloth Headboard,,1,,Color,Sap Cherry: OCS Coco,,1,,,,,,
301885,variation,HRW-R-381-301885,Reveal Queen Bed,,,,,https://products.viztechfurniture.com/wp-content/uploads/2022/01/Reveal-Qeen-Bed-Short-Headboard-Sap-Cherry-FC-104-Chestnut.jpg,RVC-B,Bed Options,"39"" Headboard",,1,,Color,Sap Cherry: FC Chestnut,,1,,,,,,
301886,variation,HRW-R-38144-301886,Reveal Queen Bed,,,,,https://products.viztechfurniture.com/wp-content/uploads/2022/01/Reveal-Qeen-Bed-Upholstery-Wrapped-Headboard-Sap-Cherry-FC-104-Chestnut.jpg,RVC-B,Bed Options,"44"" Headboard",,1,,Color,Sap Cherry: FC Chestnut,,1,,,,,,
301887,variation,HRW-R-381UP44-301887,Reveal Queen Bed,,,,,https://products.viztechfurniture.com/wp-content/uploads/2022/01/Reveal-Qeen-Bed-Upholstery-Wrapped-Headboard-Alabaster-Sap-Cherry-FC-104-Chestnut.jpg,RVC-B,Bed Options,Alabaster Cloth Headboard,,1,,Color,Sap Cherry: FC Chestnut,,1,,,,,,
301888,variation,HRW-R-381F49-301888,Reveal Queen Bed,,,,,https://products.viztechfurniture.com/wp-content/uploads/2022/01/Reveal-Qeen-Bed-Upholstery-Framed-Headboard-Alabaster-Sap-Cherry-FC-104-Chestnut.jpg,RVC-B,Bed Options,Alabaster Upholstered Headboard,,1,,Color,Sap Cherry: FC Chestnut,,1,,,,,,
301889,variation,HRW-R-381UP44-301889,Reveal Queen Bed,,,,,https://products.viztechfurniture.com/wp-content/uploads/2022/01/Reveal-Qeen-Bed-Crummy-Cloth-Headboard-Sap-Cherry-FC-104-Chestnut.jpg,RVC-B,Bed Options,Crummy Cloth Headboard,,1,,Color,Sap Cherry: FC Chestnut,,1,,,,,,
301890,variation,HRW-R-381F49-301890,Reveal Queen Bed,,,,,https://products.viztechfurniture.com/wp-content/uploads/2022/01/Reveal-Qeen-Bed-Upholstery-Framed-Headboard-Crummy-Sap-Cherry-FC-104-Chestnut.jpg,RVC-B,Bed Options,Crummy Upholstered Headboard,,1,,Color,Sap Cherry: FC Chestnut,,1,,,,,,
450809,variation,HRW-R-226-450809,"Reveal 26"" 2 Drawer Nightstand - Red Oak: FC Carbon, 635-160-BG",,,,,https://products.viztechfurniture.com/wp-content/uploads/2023/03/Reveal-R226-2-Drawer-Night-Stand-BG-Red-Oak-FC-Carbon-1.jpg,R-226,Color,Red Oak: FC Carbon,,1,,Hardware,635-160-BG,,1,,,,,,
450810,variation,HRW-R-226-450810,"Reveal 26"" 2 Drawer Nightstand - Red Oak: FC Carbon, 635-160-SN",,,,,https://products.viztechfurniture.com/wp-content/uploads/2023/03/Reveal-R226-2-Drawer-Night-Stand-SN-Red-Oak-FC-Carbon-1.jpg,R-226,Color,Red Oak: FC Carbon,,1,,Hardware,635-160-SN,,1,,,,,,
450811,variation,HRW-R-226-450811,"Reveal 26"" 2 Drawer Nightstand - Red Oak: FC Carbon, TK943HB",,,,,https://products.viztechfurniture.com/wp-content/uploads/2023/03/Reveal-R226-2-Drawer-Night-Stand-Kinney-Red-Oak-FC-Carbon-1.jpg,R-226,Color,Red Oak: FC Carbon,,1,,Hardware,TK943HB,,1,,,,,,
450812,variation,HRW-R-226-450812,"Reveal 26"" 2 Drawer Nightstand - Sap Cherry: FC Chestnut, 635-160-BG",,,,,https://products.viztechfurniture.com/wp-content/uploads/2023/03/Reveal-R226-2-Drawer-Night-Stand-BG-Sap-Cherry-FC-Chestnut-1.jpg,R-226,Color,Sap Cherry: FC Chestnut,,1,,Hardware,635-160-BG,,1,,,,,,
450813,variation,HRW-R-226-450813,"Reveal 26"" 2 Drawer Nightstand - Sap Cherry: FC Chestnut, 635-160-SN",,,,,https://products.viztechfurniture.com/wp-content/uploads/2023/03/Reveal-R226-2-Drawer-Night-Stand-SN-Sap-Cherry-FC-Chestnut-1.jpg,R-226,Color,Sap Cherry: FC Chestnut,,1,,Hardware,635-160-SN,,1,,,,,,
450814,variation,HRW-R-226-450814,"Reveal 26"" 2 Drawer Nightstand - Sap Cherry: FC Chestnut, TK943HB",,,,,https://products.viztechfurniture.com/wp-content/uploads/2023/03/Reveal-R226-2-Drawer-Night-Stand-Kinney-Sap-Cherry-FC-Chestnut-1.jpg,R-226,Color,Sap Cherry: FC Chestnut,,1,,Hardware,TK943HB,,1,,,,,,
450815,variation,HRW-R-226-450815,"Reveal 26"" 2 Drawer Nightstand - Sap Cherry: OCS Coco, 635-160-BG",,,,,https://products.viztechfurniture.com/wp-content/uploads/2023/03/Reveal-R226-2-Drawer-Night-Stand-BG-Sap-Cherry-OCS-122-Coco-1.jpg,R-226,Color,Sap Cherry: OCS Coco,,1,,Hardware,635-160-BG,,1,,,,,,
450816,variation,HRW-R-226-450816,"Reveal 26"" 2 Drawer Nightstand - Sap Cherry: OCS Coco, 635-160-SN",,,,,https://products.viztechfurniture.com/wp-content/uploads/2023/03/Reveal-R226-2-Drawer-Night-Stand-SN-Sap-Cherry-OCS-122-Coco-1.jpg,R-226,Color,Sap Cherry: OCS Coco,,1,,Hardware,635-160-SN,,1,,,,,,
450817,variation,HRW-R-226-450817,"Reveal 26"" 2 Drawer Nightstand - Sap Cherry: OCS Coco, TK943HB",,,,,https://products.viztechfurniture.com/wp-content/uploads/2023/03/Reveal-R226-2-Drawer-Night-Stand-Kinney-Sap-Cherry-OCS-122-Coco-1.jpg,R-226,Color,Sap Cherry: OCS Coco,,1,,Hardware,TK943HB,,1,,,,,,
450870,variation,HRW-R-453-450870,"Reveal 4 Drawer Chest - Red Oak: FC Carbon, 635-160-BG",,,,,https://products.viztechfurniture.com/wp-content/uploads/2023/03/Reveal-R353-4-Drawer-Chest-BG-Red-Oak-FC-Carbon.jpg,R-453,Color,Red Oak: FC Carbon,,1,,Hardware,635-160-BG,,1,,,,,,
450871,variation,HRW-R-453-450871,"Reveal 4 Drawer Chest - Red Oak: FC Carbon, 635-160-SN",,,,,https://products.viztechfurniture.com/wp-content/uploads/2023/03/Reveal-R353-4-Drawer-Chest-SN-Red-Oak-FC-Carbon.jpg,R-453,Color,Red Oak: FC Carbon,,1,,Hardware,635-160-SN,,1,,,,,,
450872,variation,HRW-R-453-450872,"Reveal 4 Drawer Chest - Red Oak: FC Carbon, TK943HB",,,,,https://products.viztechfurniture.com/wp-content/uploads/2023/03/Reveal-R353-4-Drawer-Chest-Kinney-Red-Oak-FC-Carbon.jpg,R-453,Color,Red Oak: FC Carbon,,1,,Hardware,TK943HB,,1,,,,,,
450873,variation,HRW-R-453-450873,"Reveal 4 Drawer Chest - Sap Cherry: FC Chestnut, 635-160-BG",,,,,https://products.viztechfurniture.com/wp-content/uploads/2023/03/Reveal-R353-4-Drawer-Chest-BG-Sap-Cherry-FC-Chestnut.jpg,R-453,Color,Sap Cherry: FC Chestnut,,1,,Hardware,635-160-BG,,1,,,,,,
450874,variation,HRW-R-453-450874,"Reveal 4 Drawer Chest - Sap Cherry: FC Chestnut, 635-160-SN",,,,,https://products.viztechfurniture.com/wp-content/uploads/2023/03/Reveal-R353-4-Drawer-Chest-SN-Sap-Cherry-FC-Chestnut.jpg,R-453,Color,Sap Cherry: FC Chestnut,,1,,Hardware,635-160-SN,,1,,,,,,
450875,variation,HRW-R-453-450875,"Reveal 4 Drawer Chest - Sap Cherry: FC Chestnut, TK943HB",,,,,https://products.viztechfurniture.com/wp-content/uploads/2023/03/Reveal-R353-4-Drawer-Chest-Kinney-Sap-Cherry-FC-Chestnut.jpg,R-453,Color,Sap Cherry: FC Chestnut,,1,,Hardware,TK943HB,,1,,,,,,
450876,variation,HRW-R-453-450876,"Reveal 4 Drawer Chest - Sap Cherry: OCS Coco, 635-160-BG",,,,,https://products.viztechfurniture.com/wp-content/uploads/2023/03/Reveal-R353-4-Drawer-Chest-BG-Sap-Cherry-OCS-Coco.jpg,R-453,Color,Sap Cherry: OCS Coco,,1,,Hardware,635-160-BG,,1,,,,,,
450877,variation,HRW-R-453-450877,"Reveal 4 Drawer Chest - Sap Cherry: OCS Coco, 635-160-SN",,,,,https://products.viztechfurniture.com/wp-content/uploads/2023/03/Reveal-R353-4-Drawer-Chest-SN-Sap-Cherry-OCS-Coco.jpg,R-453,Color,Sap Cherry: OCS Coco,,1,,Hardware,635-160-SN,,1,,,,,,
450878,variation,HRW-R-453-450878,"Reveal 4 Drawer Chest - Sap Cherry: OCS Coco, TK943HB",,,,,https://products.viztechfurniture.com/wp-content/uploads/2023/03/Reveal-R353-4-Drawer-Chest-Kinney-Sap-Cherry-OCS-Coco.jpg,R-453,Color,Sap Cherry: OCS Coco,,1,,Hardware,TK943HB,,1,,,,,,
450969,variation,HRW-R-668-450969,"Reveal 68"" Dresser - Red Oak: FC Carbon, 635-160-SN",,,,,https://products.viztechfurniture.com/wp-content/uploads/2023/03/Reveal-R668-Dresser-SN-Red-Oak-FC-Carbon.jpg,R-668,Color,Red Oak: FC Carbon,,1,,Hardware,635-160-SN,,1,,,,,,
450970,variation,HRW-R-668-450970,"Reveal 68"" Dresser - Red Oak: FC Carbon, TK943HB",,,,,https://products.viztechfurniture.com/wp-content/uploads/2023/03/Reveal-R668-Dresser-Kinney-Red-Oak-FC-Carbon.jpg,R-668,Color,Red Oak: FC Carbon,,1,,Hardware,TK943HB,,1,,,,,,
450971,variation,HRW-R-668-450971,"Reveal 68"" Dresser - Sap Cherry: FC Chestnut, 635-160-BG",,,,,https://products.viztechfurniture.com/wp-content/uploads/2023/03/Reveal-R668-Dresser-BG-Sap-Cherry-FC-Chestnut.jpg,R-668,Color,Sap Cherry: FC Chestnut,,1,,Hardware,635-160-BG,,1,,,,,,
450972,variation,HRW-R-668-450972,"Reveal 68"" Dresser - Sap Cherry: FC Chestnut, 635-160-SN",,,,,https://products.viztechfurniture.com/wp-content/uploads/2023/03/Reveal-R668-Dresser-SN-Sap-Cherry-FC-Chestnut.jpg,R-668,Color,Sap Cherry: FC Chestnut,,1,,Hardware,635-160-SN,,1,,,,,,
450973,variation,HRW-R-668-450973,"Reveal 68"" Dresser - Sap Cherry: FC Chestnut, TK943HB",,,,,https://products.viztechfurniture.com/wp-content/uploads/2023/03/Reveal-R668-Dresser-Kinney-Sap-Cherry-FC-Chestnut.jpg,R-668,Color,Sap Cherry: FC Chestnut,,1,,Hardware,TK943HB,,1,,,,,,
450974,variation,HRW-R-668-450974,"Reveal 68"" Dresser - Sap Cherry: OCS Coco, 635-160-BG",,,,,https://products.viztechfurniture.com/wp-content/uploads/2023/03/Reveal-R668-Dresser-BG-Sap-Cherry-OCS-Coco.jpg,R-668,Color,Sap Cherry: OCS Coco,,1,,Hardware,635-160-BG,,1,,,,,,
450975,variation,HRW-R-668-450975,"Reveal 68"" Dresser - Sap Cherry: OCS Coco, 635-160-SN",,,,,https://products.viztechfurniture.com/wp-content/uploads/2023/03/Reveal-R668-Dresser-SN-Sap-Cherry-OCS-Coco.jpg,R-668,Color,Sap Cherry: OCS Coco,,1,,Hardware,635-160-SN,,1,,,,,,
450976,variation,HRW-R-668-450976,"Reveal 68"" Dresser - Sap Cherry: OCS Coco, TK943HB",,,,,https://products.viztechfurniture.com/wp-content/uploads/2023/03/Reveal-R668-Dresser-Kinney-Sap-Cherry-OCS-Coco.jpg,R-668,Color,Sap Cherry: OCS Coco,,1,,Hardware,TK943HB,,1,,,,,,
450968,variation,HRW-R-668-450968,"Reveal 68"" Dresser - Red Oak: FC Carbon, 635-160-BG",,,,,https://products.viztechfurniture.com/wp-content/uploads/2023/03/Reveal-R668-Dresser-BG-Red-Oak-FC-Carbon.jpg,R-668,Color,Red Oak: FC Carbon,,1,,Hardware,635-160-BG,,1,,,,,,
55373,variation,HRW-1743-55373,Hudson Nightstand,,,,,https://products.viztechfurniture.com/wp-content/uploads/2020/07/Hudson-Nightstand-Sap-Cherry-Malaguania-Silver-Handle.jpg,1743,Hardware,Silver Knob #PA0123-SN,,1,,Stain Options,Sap Cherry: FC Malaguania,,1,,,,,,
55374,variation,HRW-1743-55374,Hudson Nightstand,,,,,https://products.viztechfurniture.com/wp-content/uploads/2020/07/Hudson-Nightstand-Sap-Cherry-OCS-119-Silver-Handle.jpg,1743,Hardware,Silver Knob #PA0123-SN,,1,,Stain Options,Sap Cherry: OCS-119,,1,,,,,,
55368,variation,HRW-1743-55368,Hudson Nightstand,,,,,https://products.viztechfurniture.com/wp-content/uploads/2020/07/Hudson-Nightstand-Sap-Cherry-Malaguania-Dark-Bronze-Handle.jpg,1743,Hardware,Dark Bronze Handle DBH-2000,,1,,Stain Options,Sap Cherry: FC Malaguania,,1,,,,,,
55369,variation,HRW-1743-55369,Hudson Nightstand,,,,,https://products.viztechfurniture.com/wp-content/uploads/2020/07/Hudson-Nightstand-Sap-Cherry-OCS-119-Dark-Bronze-Handle.jpg,1743,Hardware,Dark Bronze Handle DBH-2000,,1,,Stain Options,Sap Cherry: OCS-119,,1,,,,,,
55370,variation,HRW-1743-55370,Hudson Nightstand,,,,,https://products.viztechfurniture.com/wp-content/uploads/2020/07/Hudson-Nightstand-Brown-Maple-Malaguania-Silver-Handle.jpg,1743,Hardware,Silver Knob #PA0123-SN,,1,,Stain Options,Brown Maple: FC Malaguania,,1,,,,,,
55371,variation,HRW-1743-55371,Hudson Nightstand,,,,,https://products.viztechfurniture.com/wp-content/uploads/2020/07/Hudson-Nightstand-Brown-Maple-Shadow-Silver-Handle.jpg,1743,Hardware,Silver Knob #PA0123-SN,,1,,Stain Options,Brown Maple: FC Shadow,,1,,,,,,
55372,variation,HRW-1743-55372,Hudson Nightstand,,,,,https://products.viztechfurniture.com/wp-content/uploads/2020/07/Hudson-Nightstand-Sap-Cherry-Chestnut-Silver-Handle.jpg,1743,Hardware,Silver Knob #PA0123-SN,,1,,Stain Options,Sap Cherry: FC Chestnut,,1,,,,,,
55365,variation,HRW-1743-55365,Hudson Nightstand,,,,,https://products.viztechfurniture.com/wp-content/uploads/2020/07/Hudson-Nightstand-Brown-Maple-Malaguania-Dark-Bronze-Handle.jpg,1743,Hardware,Dark Bronze Handle DBH-2000,,1,,Stain Options,Brown Maple: FC Malaguania,,1,,,,,,
55366,variation,HRW-1743-55366,Hudson Nightstand,,,,,https://products.viztechfurniture.com/wp-content/uploads/2020/07/Hudson-Nightstand-Brown-Maple-Shadow-Dark-Bronze-Handle.jpg,1743,Hardware,Dark Bronze Handle DBH-2000,,1,,Stain Options,Brown Maple: FC Shadow,,1,,,,,,
55367,variation,HRW-1743-55367,Hudson Nightstand,,,,,https://products.viztechfurniture.com/wp-content/uploads/2020/07/Hudson-Nightstand-Sap-Cherry-Malaguania-Dark-Bronze-Handle.jpg,1743,Hardware,Dark Bronze Handle DBH-2000,,1,,Stain Options,Sap Cherry: FC Chestnut,,1,,,,,,
55481,variation,HRW-1730-55481,Hudson Chest,,,,,https://products.viztechfurniture.com/wp-content/uploads/2020/07/Hudson-Chest-PA123-SN-Sap-Cherry-Malaguania.jpg,1730,Hardware,Silver Knob #PA0123-SN,,1,,Stain Options,Sap Cherry: FC Malaguania,,1,,,,,,
55482,variation,HRW-1730-55482,Hudson Chest,,,,,https://products.viztechfurniture.com/wp-content/uploads/2020/07/Hudson-Chest-PA123-SN-Sap-Cherry-OCS-119.jpg,1730,Hardware,Silver Knob #PA0123-SN,,1,,Stain Options,Sap Cherry: OCS-119,,1,,,,,,
55477,variation,HRW-1730-55477,Hudson Chest,,,,,https://products.viztechfurniture.com/wp-content/uploads/2020/07/Hudson-Chest-DBH-2000-Sap-Cherry-OCS-119.jpg,1730,Hardware,Dark Bronze Handle DBH-2000,,1,,Stain Options,Sap Cherry: OCS-119,,1,,,,,,
55478,variation,HRW-1730-55478,Hudson Chest,,,,,https://products.viztechfurniture.com/wp-content/uploads/2020/07/Hudson-Chest-PA123-SN-Brown-Maple-Malaguania.jpg,1730,Hardware,Silver Knob #PA0123-SN,,1,,Stain Options,Brown Maple: FC Malaguania,,1,,,,,,
55479,variation,HRW-1730-55479,Hudson Chest,,,,,https://products.viztechfurniture.com/wp-content/uploads/2020/07/Hudson-Chest-PA123-SN-Brown-Maple-Shadow.jpg,1730,Hardware,Silver Knob #PA0123-SN,,1,,Stain Options,Brown Maple: FC Shadow,,1,,,,,,
55480,variation,HRW-1730-55480,Hudson Chest,,,,,https://products.viztechfurniture.com/wp-content/uploads/2020/07/Hudson-Chest-PA123-SN-Sap-Cherry-Chestnut.jpg,1730,Hardware,Silver Knob #PA0123-SN,,1,,Stain Options,Sap Cherry: FC Chestnut,,1,,,,,,
55475,variation,HRW-1730-55475,Hudson Chest,,,,,https://products.viztechfurniture.com/wp-content/uploads/2020/07/Hudson-Chest-DBH-2000-Sap-Cherry-Chestnut.jpg,1730,Hardware,Dark Bronze Handle DBH-2000,,1,,Stain Options,Sap Cherry: FC Chestnut,,1,,,,,,
55476,variation,HRW-1730-55476,Hudson Chest,,,,,https://products.viztechfurniture.com/wp-content/uploads/2020/07/Hudson-Chest-DBH-2000-Sap-Cherry-Malaguania.jpg,1730,Hardware,Dark Bronze Handle DBH-2000,,1,,Stain Options,Sap Cherry: FC Malaguania,,1,,,,,,
55473,variation,HRW-1730-55473,Hudson Chest,,,,,https://products.viztechfurniture.com/wp-content/uploads/2020/07/Hudson-Chest-DBH-2000-Brown-Maple-Malaguania.jpg,1730,Hardware,Dark Bronze Handle DBH-2000,,1,,Stain Options,Brown Maple: FC Malaguania,,1,,,,,,
55474,variation,HRW-1730-55474,Hudson Chest,,,,,https://products.viztechfurniture.com/wp-content/uploads/2020/07/Hudson-Chest-DBH-2000-Brown-Maple-Shadow.jpg,1730,Hardware,Dark Bronze Handle DBH-2000,,1,,Stain Options,Brown Maple: FC Shadow,,1,,,,,,
55609,variation,HRW-1728-55609,Hudson Dresser,,,,,https://products.viztechfurniture.com/wp-content/uploads/2020/08/Hudson-Dresser-Sap-Cherry-OCS-119-Silver-Knob-No-Mirror.jpg,1728,Stain Options,Sap Cherry: OCS-119,,1,,Hardware,Silver Knob #PA0123-SN,,1,,Mirror,No Mirror,,1,
55608,variation,HRW-1728-55608,Hudson Dresser,,,,,https://products.viztechfurniture.com/wp-content/uploads/2020/08/Hudson-Dresser-Sap-Cherry-OCS-119-Silver-Handle-Mirror.jpg,1728,Stain Options,Sap Cherry: OCS-119,,1,,Hardware,Silver Knob #PA0123-SN,,1,,Mirror,Add Mirror,,1,
55607,variation,HRW-1728-55607,Hudson Dresser,,,,,https://products.viztechfurniture.com/wp-content/uploads/2020/08/Hudson-Dresser-Sap-Cherry-OCS-119-Dark-Bronze-Handle-No-Mirror.jpg,1728,Stain Options,Sap Cherry: OCS-119,,1,,Hardware,Dark Bronze Handle DBH-2000,,1,,Mirror,No Mirror,,1,
55606,variation,HRW-1728-55606,Hudson Dresser,,,,,https://products.viztechfurniture.com/wp-content/uploads/2020/08/Hudson-Dresser-Sap-Cherry-OCS-1119-Dark-Bronze-Handle-Mirror.jpg,1728,Stain Options,Sap Cherry: OCS-119,,1,,Hardware,Dark Bronze Handle DBH-2000,,1,,Mirror,Add Mirror,,1,
55605,variation,HRW-1728-55605,Hudson Dresser,,,,,https://products.viztechfurniture.com/wp-content/uploads/2020/08/Hudson-Dresser-Sap-Cherry-Malaguania-Silver-Knob-No-Mirror.jpg,1728,Stain Options,Sap Cherry: FC Malaguania,,1,,Hardware,Silver Knob #PA0123-SN,,1,,Mirror,No Mirror,,1,
55604,variation,HRW-1728-55604,Hudson Dresser,,,,,https://products.viztechfurniture.com/wp-content/uploads/2020/08/Hudson-Dresser-Sap-Cherry-Malaguania-Silver-Handle-Mirror.jpg,1728,Stain Options,Sap Cherry: FC Malaguania,,1,,Hardware,Silver Knob #PA0123-SN,,1,,Mirror,Add Mirror,,1,
55600,variation,HRW-1728-55600,Hudson Dresser,,,,,https://products.viztechfurniture.com/wp-content/uploads/2020/08/Hudson-Dresser-Sap-Cherry-Chestnut-Silver-Handle-Mirror.jpg,1728,Stain Options,Sap Cherry: FC Chestnut,,1,,Hardware,Silver Knob #PA0123-SN,,1,,Mirror,Add Mirror,,1,
55603,variation,HRW-1728-55603,Hudson Dresser,,,,,https://products.viztechfurniture.com/wp-content/uploads/2020/08/Hudson-Dresser-Sap-Cherry-Malaguania-Dark-Bronze-Handle-No-Mirror.jpg,1728,Stain Options,Sap Cherry: FC Malaguania,,1,,Hardware,Dark Bronze Handle DBH-2000,,1,,Mirror,No Mirror,,1,
55602,variation,HRW-1728-55602,Hudson Dresser,,,,,https://products.viztechfurniture.com/wp-content/uploads/2020/08/Hudson-Dresser-Sap-Cherry-Malaguania-Dark-Bronze-Handle-Mirror.jpg,1728,Stain Options,Sap Cherry: FC Malaguania,,1,,Hardware,Dark Bronze Handle DBH-2000,,1,,Mirror,Add Mirror,,1,
55601,variation,HRW-1728-55601,Hudson Dresser,,,,,https://products.viztechfurniture.com/wp-content/uploads/2020/08/Hudson-Dresser-Sap-Cherry-Chestnut-Silver-Knob-No-Mirror.jpg,1728,Stain Options,Sap Cherry: FC Chestnut,,1,,Hardware,Silver Knob #PA0123-SN,,1,,Mirror,No Mirror,,1,
55599,variation,HRW-1728-55599,Hudson Dresser,,,,,https://products.viztechfurniture.com/wp-content/uploads/2020/08/Hudson-Dresser-Sap-Cherry-Chestnut-Dark-Bronze-Handle-No-Mirror.jpg,1728,Stain Options,Sap Cherry: FC Chestnut,,1,,Hardware,Dark Bronze Handle DBH-2000,,1,,Mirror,No Mirror,,1,
55598,variation,HRW-1728-55598,Hudson Dresser,,,,,https://products.viztechfurniture.com/wp-content/uploads/2020/08/Hudson-Dresser-Sap-Cherry-Chestnut-Dark-Bronze-Handle-Mirror.jpg,1728,Stain Options,Sap Cherry: FC Chestnut,,1,,Hardware,Dark Bronze Handle DBH-2000,,1,,Mirror,Add Mirror,,1,
55597,variation,HRW-1728-55597,Hudson Dresser,,,,,https://products.viztechfurniture.com/wp-content/uploads/2020/08/Hudson-Dresser-Brown-Maple-Shadow-Silver-Knob-No-Mirror.jpg,1728,Stain Options,Brown Maple: FC Shadow,,1,,Hardware,Silver Knob #PA0123-SN,,1,,Mirror,No Mirror,,1,
55596,variation,HRW-1728-55596,Hudson Dresser,,,,,https://products.viztechfurniture.com/wp-content/uploads/2020/08/Hudson-Dresser-Brown-Maple-Shadow-Silver-Handle-Mirror.jpg,1728,Stain Options,Brown Maple: FC Shadow,,1,,Hardware,Silver Knob #PA0123-SN,,1,,Mirror,Add Mirror,,1,
55595,variation,HRW-1728-55595,Hudson Dresser,,,,,https://products.viztechfurniture.com/wp-content/uploads/2020/08/Hudson-Dresser-Brown-Maple-Shadow-Dark-Bronze-Handle-No-Mirror.jpg,1728,Stain Options,Brown Maple: FC Shadow,,1,,Hardware,Dark Bronze Handle DBH-2000,,1,,Mirror,No Mirror,,1,
55594,variation,HRW-1728-55594,Hudson Dresser,,,,,https://products.viztechfurniture.com/wp-content/uploads/2020/08/Hudson-Dresser-Brown-Maple-Shadow-Dark-Bronze-Handle-Mirror.jpg,1728,Stain Options,Brown Maple: FC Shadow,,1,,Hardware,Dark Bronze Handle DBH-2000,,1,,Mirror,Add Mirror,,1,
55593,variation,HRW-1728-55593,Hudson Dresser,,,,,https://products.viztechfurniture.com/wp-content/uploads/2020/08/Hudson-Dresser-Brown-Maple-Malaguania-Silver-Knob-No-Mirror.jpg,1728,Stain Options,Brown Maple: FC Malaguania,,1,,Hardware,Silver Knob #PA0123-SN,,1,,Mirror,No Mirror,,1,
55592,variation,HRW-1728-55592,Hudson Dresser,,,,,https://products.viztechfurniture.com/wp-content/uploads/2020/08/Hudson-Dresser-Brown-Maple-Malaguania-Silver-Handle-Mirror.jpg,1728,Stain Options,Brown Maple: FC Malaguania,,1,,Hardware,Silver Knob #PA0123-SN,,1,,Mirror,Add Mirror,,1,
55591,variation,HRW-1728-55591,Hudson Dresser,,,,,https://products.viztechfurniture.com/wp-content/uploads/2020/08/Hudson-Dresser-Brown-Maple-Malaguania-Dark-Bronze-Handle-No-Mirror.jpg,1728,Stain Options,Brown Maple: FC Malaguania,,1,,Hardware,Dark Bronze Handle DBH-2000,,1,,Mirror,No Mirror,,1,
55590,variation,HRW-1728-55590,Hudson Dresser,,,,,https://products.viztechfurniture.com/wp-content/uploads/2020/08/Hudson-Dresser-Brown-Maple-Malaguania-Dark-Bronze-Handle-Mirror.jpg,1728,Stain Options,Brown Maple: FC Malaguania,,1,,Hardware,Dark Bronze Handle DBH-2000,,1,,Mirror,Add Mirror,,1,
301568,variation,HRW-223549F-301568,Urbana Queen Bed,,,,,https://products.viztechfurniture.com/wp-content/uploads/2022/01/Urbanna-Queen-Bed-Framed-Upholstery-Headboard-Crummy-Sap-Cherry-OCS-Cappuccino-.jpg,2235,Stain Options,Sap Cherry: OCS-119,,1,,Bed Options,Crummy Upholstered Headboard,,1,,,,,,
301567,variation,HRW-UP442235-301567,Urbana Queen Bed,,,,,https://products.viztechfurniture.com/wp-content/uploads/2022/01/Urbanna-Queen-Bed-Upholstery-Wrapped-Headboard-Crummy-Sap-Cherry-FC-Chestnut.jpg,2235,Stain Options,Sap Cherry: OCS-119,,1,,Bed Options,Crummy Cloth Headboard,,1,,,,,,
301554,variation,HRW-223549F-301554,Urbana Queen Bed,,,,,https://products.viztechfurniture.com/wp-content/uploads/2022/01/Urbanna-Queen-Bed-Framed-Upholstery-Headboard-Alabaster-Sap-Cherry-FC-Chestnut.jpg,2235,Stain Options,Sap Cherry: FC Chestnut,,1,,Bed Options,Alabaster Upholstered Headboard,,1,,,,,,
301566,variation,HRW-223549F-301566,Urbana Queen Bed,,,,,https://products.viztechfurniture.com/wp-content/uploads/2022/01/Urbanna-Queen-Bed-Framed-Upholstery-Headboard-Alabaster-Sap-Cherry-OCS-Cappuccino-.jpg,2235,Stain Options,Sap Cherry: OCS-119,,1,,Bed Options,Alabaster Upholstered Headboard,,1,,,,,,
301565,variation,HRW-UP442235-301565,Urbana Queen Bed,,,,,https://products.viztechfurniture.com/wp-content/uploads/2022/01/Urbanna-Queen-Bed-Upholstery-Wrapped-Headboard-Alabaster-Sap-Cherry-FC-Chestnut.jpg,2235,Stain Options,Sap Cherry: OCS-119,,1,,Bed Options,Alabaster Cloth Headboard,,1,,,,,,
301564,variation,HRW-223544-301564,Urbana Queen Bed,,,,,https://products.viztechfurniture.com/wp-content/uploads/2022/01/Urbanna-Queen-Bed-Tall-Headboard-Sap-Cherry-OCS-Cappuccino.jpg,2235,Stain Options,Sap Cherry: OCS-119,,1,,Bed Options,"44"" Headboard",,1,,,,,,
301563,variation,HRW-2239-301563,Urbana Queen Bed,,,,,https://products.viztechfurniture.com/wp-content/uploads/2022/01/Urbanna-Queen-Bed-Short-Headboard-Sap-Cherry-OCS-Cappuccino.jpg,2235,Stain Options,Sap Cherry: OCS-119,,1,,Bed Options,"39"" Headboard",,1,,,,,,
301562,variation,HRW-223549F-301562,Urbana Queen Bed,,,,,https://products.viztechfurniture.com/wp-content/uploads/2022/01/Urbanna_Queen_Bed_Framed_Upholstery_Headboard_Crummy_Sap_Cherry_FC_Malaguania.jpg,2235,Stain Options,Sap Cherry: FC Malaguania,,1,,Bed Options,Crummy Upholstered Headboard,,1,,,,,,
301561,variation,HRW-UP442235-301561,Urbana Queen Bed,,,,,https://products.viztechfurniture.com/wp-content/uploads/2022/01/Urbanna_Queen_Bed_Upholstery_Wrapped_Headboard_Crummy_Sap_Cherry_FC_Malaguania.jpg,2235,Stain Options,Sap Cherry: FC Malaguania,,1,,Bed Options,Crummy Cloth Headboard,,1,,,,,,
301560,variation,HRW-223549F-301560,Urbana Queen Bed,,,,,https://products.viztechfurniture.com/wp-content/uploads/2022/01/Urbanna_Queen_Bed_Framed_Upholstery_Headboard_Alabaster_Sap_Cherry_FC_Malaguania.jpg,2235,Stain Options,Sap Cherry: FC Malaguania,,1,,Bed Options,Alabaster Upholstered Headboard,,1,,,,,,
301559,variation,HRW-UP442235-301559,Urbana Queen Bed,,,,,https://products.viztechfurniture.com/wp-content/uploads/2022/01/Urbanna_Queen_Bed_Upholstery_Wrapped_Headboard_Alabaster_Sap_Cherry_FC_Malaguania.jpg,2235,Stain Options,Sap Cherry: FC Malaguania,,1,,Bed Options,Alabaster Cloth Headboard,,1,,,,,,
301558,variation,HRW-223544-301558,Urbana Queen Bed,,,,,https://products.viztechfurniture.com/wp-content/uploads/2022/01/Urbanna_Queen_Bed_Tall_Headboard_Sap_Cherry_FC_Malaguania.jpg,2235,Stain Options,Sap Cherry: FC Malaguania,,1,,Bed Options,"44"" Headboard",,1,,,,,,
301557,variation,HRW-2239-301557,Urbana Queen Bed,,,,,https://products.viztechfurniture.com/wp-content/uploads/2022/01/Urbanna_Queen_Bed_Short_Headboard_Sap_Cherry_FC_Malaguania.jpg,2235,Stain Options,Sap Cherry: FC Malaguania,,1,,Bed Options,"39"" Headboard",,1,,,,,,
301556,variation,HRW-223549F-301556,Urbana Queen Bed,,,,,https://products.viztechfurniture.com/wp-content/uploads/2022/01/Urbanna-Queen-Bed-Framed-Upholstery-Headboard-Crummy-Sap-Cherry-FC-Chestnut.jpg,2235,Stain Options,Sap Cherry: FC Chestnut,,1,,Bed Options,Crummy Upholstered Headboard,,1,,,,,,
301555,variation,HRW-UP442235-301555,Urbana Queen Bed,,,,,https://products.viztechfurniture.com/wp-content/uploads/2022/01/Urbanna-Queen-Bed-Upholstery-Wrapped-Headboard-Crummy-Sap-Cherry-FC-104-Chestnut.jpg,2235,Stain Options,Sap Cherry: FC Chestnut,,1,,Bed Options,Crummy Cloth Headboard,,1,,,,,,
301553,variation,HRW-UP442235-301553,Urbana Queen Bed,,,,,https://products.viztechfurniture.com/wp-content/uploads/2022/01/Urbanna-Queen-Bed-Upholstery-Wrapped-Headboard-Alabaster-Sap-Cherry-FC-104-Chestnut.jpg,2235,Stain Options,Sap Cherry: FC Chestnut,,1,,Bed Options,Alabaster Cloth Headboard,,1,,,,,,
301552,variation,HRW-223544-301552,Urbana Queen Bed,,,,,https://products.viztechfurniture.com/wp-content/uploads/2022/01/Urbanna-Queen-Bed-Tall-Headboard-Sap-Cherry-FC-104-Chestnut.jpg,2235,Stain Options,Sap Cherry: FC Chestnut,,1,,Bed Options,"44"" Headboard",,1,,,,,,
301539,variation,HRW-2239-301539,Urbana Queen Bed,,,,,https://products.viztechfurniture.com/wp-content/uploads/2022/01/Urbanna_Queen_Bed_Short_Headboard_Brown_Maple_FC_Shadow.jpg,2235,Stain Options,Brown Maple: FC Shadow,,1,,Bed Options,"39"" Headboard",,1,,,,,,
301551,variation,HRW-2239-301551,Urbana Queen Bed,,,,,https://products.viztechfurniture.com/wp-content/uploads/2022/01/Urbanna-Queen-Bed-Short-Headboard-Sap-Cherry-FC-104-Chestnut.jpg,2235,Stain Options,Sap Cherry: FC Chestnut,,1,,Bed Options,"39"" Headboard",,1,,,,,,
301550,variation,HRW-223549F-301550,Urbana Queen Bed,,,,,https://products.viztechfurniture.com/wp-content/uploads/2022/01/Urbanna_Queen_Bed_Framed_Upholstery_Headboard_Crummy_Brown_Maple_OCS_Seely.jpg,2235,Stain Options,Brown Maple: OCS Seely,,1,,Bed Options,Crummy Upholstered Headboard,,1,,,,,,
301549,variation,HRW-UP442235-301549,Urbana Queen Bed,,,,,https://products.viztechfurniture.com/wp-content/uploads/2022/01/Urbanna_Queen_Bed_Upholstery_Wrapped_Headboard_Crummy_Brown_Maple_OCS_Seely.jpg,2235,Stain Options,Brown Maple: OCS Seely,,1,,Bed Options,Crummy Cloth Headboard,,1,,,,,,
301548,variation,HRW-223549F-301548,Urbana Queen Bed,,,,,https://products.viztechfurniture.com/wp-content/uploads/2022/01/Urbanna_Queen_Bed_Framed_Upholstery_Headboard_Alabaster_Brown_Maple_OCS_Seely.jpg,2235,Stain Options,Brown Maple: OCS Seely,,1,,Bed Options,Alabaster Upholstered Headboard,,1,,,,,,
301547,variation,HRW-UP442235-301547,Urbana Queen Bed,,,,,https://products.viztechfurniture.com/wp-content/uploads/2022/01/Urbanna_Queen_Bed_Upholstery_Wrapped_Headboard_Alabaster_Brown_Maple_OCS_Seely.jpg,2235,Stain Options,Brown Maple: OCS Seely,,1,,Bed Options,Alabaster Cloth Headboard,,1,,,,,,
301546,variation,HRW-223544-301546,Urbana Queen Bed,,,,,https://products.viztechfurniture.com/wp-content/uploads/2022/01/Urbanna_Queen_Bed_Tall_Headboard_Brown_Maple_OCS_Seely.jpg,2235,Stain Options,Brown Maple: OCS Seely,,1,,Bed Options,"44"" Headboard",,1,,,,,,
301545,variation,HRW-2239-301545,Urbana Queen Bed,,,,,https://products.viztechfurniture.com/wp-content/uploads/2022/01/Urbanna_Queen_Bed_Short_Headboard_Brown_Maple_OCS_Seely.jpg,2235,Stain Options,Brown Maple: OCS Seely,,1,,Bed Options,"39"" Headboard",,1,,,,,,
301544,variation,HRW-223549F-301544,Urbana Queen Bed,,,,,https://products.viztechfurniture.com/wp-content/uploads/2022/01/Urbanna_Queen_Bed_Framed_Upholstery_Headboard_Crummy_Brown_Maple_FC_Shadow.jpg,2235,Stain Options,Brown Maple: FC Shadow,,1,,Bed Options,Crummy Upholstered Headboard,,1,,,,,,
301543,variation,HRW-UP442235-301543,Urbana Queen Bed,,,,,https://products.viztechfurniture.com/wp-content/uploads/2022/01/Urbanna_Queen_Bed_Upholstery_Wrapped_Headboard_Crummy_Brown_Maple_FC_Shadow.jpg,2235,Stain Options,Brown Maple: FC Shadow,,1,,Bed Options,Crummy Cloth Headboard,,1,,,,,,
301542,variation,HRW-223549F-301542,Urbana Queen Bed,,,,,https://products.viztechfurniture.com/wp-content/uploads/2022/01/Urbanna_Queen_Bed_Framed_Upholstery_Headboard_Alabaster_Brown_Maple_FC_Shadow.jpg,2235,Stain Options,Brown Maple: FC Shadow,,1,,Bed Options,Alabaster Upholstered Headboard,,1,,,,,,
301541,variation,HRW-UP442235-301541,Urbana Queen Bed,,,,,https://products.viztechfurniture.com/wp-content/uploads/2022/01/Urbanna_Queen_Bed_Upholstery_Wrapped_Headboard_Alabaster_Brown_Maple_FC_Shadow.jpg,2235,Stain Options,Brown Maple: FC Shadow,,1,,Bed Options,Alabaster Cloth Headboard,,1,,,,,,
301540,variation,HRW-223544-301540,Urbana Queen Bed,,,,,https://products.viztechfurniture.com/wp-content/uploads/2022/01/Urbanna_Queen_Bed_Tall_Headboard_Brown_Maple_FC_Shadow.jpg,2235,Stain Options,Brown Maple: FC Shadow,,1,,Bed Options,"44"" Headboard",,1,,,,,,
302698,variation,HRW-5864-302698,Benton Bed - Sap Cherry: OCS Coco,,,,,https://products.viztechfurniture.com/wp-content/uploads/2022/01/Benton-Queen-Bed-Sap-Cherry-FC-122-Coco.jpg,HRW-5864,Color,Sap Cherry: OCS Coco,,1,,,,,,,,,,,
301913,variation,HRW-5864-301913,Benton Bed - Sap Cherry: FC Chestnut,,,,,https://products.viztechfurniture.com/wp-content/uploads/2022/01/Benton-Queen-Bed-Sap-Cherry-FC-104-Chestnut.jpg,HRW-5864,Color,Sap Cherry: FC Chestnut,,1,,,,,,,,,,,
450891,variation,HRW-R-342-450891,"Reveal 3 Drawer Chest - Red Oak: FC Carbon, 635-160-BG",,,,,https://products.viztechfurniture.com/wp-content/uploads/2023/03/Reveal-R342-3-Drawer-Chest-BG-Red-Oak-FC-Carbon.jpg,R-342,Color,Red Oak: FC Carbon,,1,,Hardware,635-160-BG,,1,,,,,,
450892,variation,HRW-R-342-450892,"Reveal 3 Drawer Chest - Red Oak: FC Carbon, 635-160-SN",,,,,https://products.viztechfurniture.com/wp-content/uploads/2023/03/Reveal-R342-3-Drawer-Chest-SN-Red-Oak-FC-Carbon.jpg,R-342,Color,Red Oak: FC Carbon,,1,,Hardware,635-160-SN,,1,,,,,,
450893,variation,HRW-R-342-450893,"Reveal 3 Drawer Chest - Red Oak: FC Carbon, TK943HB",,,,,https://products.viztechfurniture.com/wp-content/uploads/2023/03/Reveal-R342-3-Drawer-Chest-Kinney-Red-Oak-FC-Carbon.jpg,R-342,Color,Red Oak: FC Carbon,,1,,Hardware,TK943HB,,1,,,,,,
450894,variation,HRW-R-342-450894,"Reveal 3 Drawer Chest - Sap Cherry: FC Chestnut, 635-160-BG",,,,,https://products.viztechfurniture.com/wp-content/uploads/2023/03/Reveal-R342-3-Drawer-Chest-BG-Sap-Cherry-FC-Chestnut.jpg,R-342,Color,Sap Cherry: FC Chestnut,,1,,Hardware,635-160-BG,,1,,,,,,
450895,variation,HRW-R-342-450895,"Reveal 3 Drawer Chest - Sap Cherry: FC Chestnut, 635-160-SN",,,,,https://products.viztechfurniture.com/wp-content/uploads/2023/03/Reveal-R342-3-Drawer-Chest-SN-Sap-Cherry-FC-Chestnut.jpg,R-342,Color,Sap Cherry: FC Chestnut,,1,,Hardware,635-160-SN,,1,,,,,,
450896,variation,HRW-R-342-450896,"Reveal 3 Drawer Chest - Sap Cherry: FC Chestnut, TK943HB",,,,,https://products.viztechfurniture.com/wp-content/uploads/2023/03/Reveal-R342-3-Drawer-Chest-Kinney-Sap-Cherry-FC-Chestnut.jpg,R-342,Color,Sap Cherry: FC Chestnut,,1,,Hardware,TK943HB,,1,,,,,,
450897,variation,HRW-R-342-450897,"Reveal 3 Drawer Chest - Sap Cherry: OCS Coco, 635-160-BG",,,,,https://products.viztechfurniture.com/wp-content/uploads/2023/03/Reveal-R342-3-Drawer-Chest-BG-Sap-Cherry-OCS-122-Coco.jpg,R-342,Color,Sap Cherry: OCS Coco,,1,,Hardware,635-160-BG,,1,,,,,,
450898,variation,HRW-R-342-450898,"Reveal 3 Drawer Chest - Sap Cherry: OCS Coco, 635-160-SN",,,,,https://products.viztechfurniture.com/wp-content/uploads/2023/03/Reveal-R342-3-Drawer-Chest-SN-Sap-Cherry-OCS-122-Coco.jpg,R-342,Color,Sap Cherry: OCS Coco,,1,,Hardware,635-160-SN,,1,,,,,,
450899,variation,HRW-R-342-450899,"Reveal 3 Drawer Chest - Sap Cherry: OCS Coco, TK943HB",,,,,https://products.viztechfurniture.com/wp-content/uploads/2023/03/Reveal-R342-3-Drawer-Chest-Kinney-Sap-Cherry-OCS-122-Coco.jpg,R-342,Color,Sap Cherry: OCS Coco,,1,,Hardware,TK943HB,,1,,,,,,
450916,variation,HRW-R-658-450916,"Reveal 58"" Dresser - Sap Cherry: OCS Coco, 635-160-BG",,,,,https://products.viztechfurniture.com/wp-content/uploads/2023/03/Reveal-R658-Dresser-BG-Sap-Cherry-OCS-Coco.jpg,R-658,Color,Sap Cherry: OCS Coco,,1,,Hardware,635-160-BG,,1,,,,,,
450917,variation,HRW-R-658-450917,"Reveal 58"" Dresser - Sap Cherry: OCS Coco, 635-160-SN",,,,,https://products.viztechfurniture.com/wp-content/uploads/2023/03/Reveal-R658-Dresser-SN-Sap-Cherry-OCS-Coco.jpg,R-658,Color,Sap Cherry: OCS Coco,,1,,Hardware,635-160-SN,,1,,,,,,
450918,variation,HRW-R-658-450918,"Reveal 58"" Dresser - Sap Cherry: OCS Coco, TK943HB",,,,,https://products.viztechfurniture.com/wp-content/uploads/2023/03/Reveal-R658-Dresser-Kinney-Sap-Cherry-OCS-Coco.jpg,R-658,Color,Sap Cherry: OCS Coco,,1,,Hardware,TK943HB,,1,,,,,,
450910,variation,HRW-R-658-450910,"Reveal 58"" Dresser - Red Oak: FC Carbon, 635-160-BG",,,,,https://products.viztechfurniture.com/wp-content/uploads/2023/03/Reveal-R658-Dresser-BG-Red-Oak-FC-Carbon.jpg,R-658,Color,Red Oak: FC Carbon,,1,,Hardware,635-160-BG,,1,,,,,,
450911,variation,HRW-R-658-450911,"Reveal 58"" Dresser - Red Oak: FC Carbon, 635-160-SN",,,,,https://products.viztechfurniture.com/wp-content/uploads/2023/03/Reveal-R658-Dresser-SN-Red-Oak-FC-Carbon.jpg,R-658,Color,Red Oak: FC Carbon,,1,,Hardware,635-160-SN,,1,,,,,,
450912,variation,HRW-R-658-450912,"Reveal 58"" Dresser - Red Oak: FC Carbon, TK943HB",,,,,https://products.viztechfurniture.com/wp-content/uploads/2023/03/Reveal-R658-Dresser-Kinney-Red-Oak-FC-Carbon.jpg,R-658,Color,Red Oak: FC Carbon,,1,,Hardware,TK943HB,,1,,,,,,
450913,variation,HRW-R-658-450913,"Reveal 58"" Dresser - Sap Cherry: FC Chestnut, 635-160-BG",,,,,https://products.viztechfurniture.com/wp-content/uploads/2023/03/Reveal-R658-Dresser-BG-Sap-Cherry-FC-Chestnut.jpg,R-658,Color,Sap Cherry: FC Chestnut,,1,,Hardware,635-160-BG,,1,,,,,,
450914,variation,HRW-R-658-450914,"Reveal 58"" Dresser - Sap Cherry: FC Chestnut, 635-160-SN",,,,,https://products.viztechfurniture.com/wp-content/uploads/2023/03/Reveal-R658-Dresser-SN-Sap-Cherry-FC-Chestnut.jpg,R-658,Color,Sap Cherry: FC Chestnut,,1,,Hardware,635-160-SN,,1,,,,,,
450915,variation,HRW-R-658-450915,"Reveal 58"" Dresser - Sap Cherry: FC Chestnut, TK943HB",,,,,https://products.viztechfurniture.com/wp-content/uploads/2023/03/Reveal-R658-Dresser-Kinney-Sap-Cherry-FC-Chestnut.jpg,R-658,Color,Sap Cherry: FC Chestnut,,1,,Hardware,TK943HB,,1,,,,,,
450779,variation,HRW-R-224-450779,"Reveal 24"" 2 Drawer Nightstand - Red Oak: FC Carbon, 635-160-BG",,,,,https://products.viztechfurniture.com/wp-content/uploads/2023/03/Reveal-R224-2-Drawer-Night-Stand-BG-Red-Oak-FC-Carbon.jpg,R-224,Color,Red Oak: FC Carbon,,1,,Hardware,635-160-BG,,1,,,,,,
450780,variation,HRW-R-224-450780,"Reveal 24"" 2 Drawer Nightstand - Red Oak: FC Carbon, 635-160-SN",,,,,https://products.viztechfurniture.com/wp-content/uploads/2023/03/Reveal-R224-2-Drawer-Night-Stand-SN-Red-Oak-FC-Carbon.jpg,R-224,Color,Red Oak: FC Carbon,,1,,Hardware,635-160-SN,,1,,,,,,
450781,variation,HRW-R-224-450781,"Reveal 24"" 2 Drawer Nightstand - Red Oak: FC Carbon, TK943HB",,,,,https://products.viztechfurniture.com/wp-content/uploads/2023/03/Reveal-R224-2-Drawer-Night-Stand-Kinney-Red-Oak-FC-Carbon.jpg,R-224,Color,Red Oak: FC Carbon,,1,,Hardware,TK943HB,,1,,,,,,
450782,variation,HRW-R-224-450782,"Reveal 24"" 2 Drawer Nightstand - Sap Cherry: FC Chestnut, 635-160-BG",,,,,https://products.viztechfurniture.com/wp-content/uploads/2023/03/Reveal-R224-2-Drawer-Night-Stand-BG-Sap-Cherry-FC-Chestnut.jpg,R-224,Color,Sap Cherry: FC Chestnut,,1,,Hardware,635-160-BG,,1,,,,,,
450783,variation,HRW-R-224-450783,"Reveal 24"" 2 Drawer Nightstand - Sap Cherry: FC Chestnut, 635-160-SN",,,,,https://products.viztechfurniture.com/wp-content/uploads/2023/03/Reveal-R224-2-Drawer-Night-Stand-SN-Sap-Cherry-FC-Chestnut.jpg,R-224,Color,Sap Cherry: FC Chestnut,,1,,Hardware,635-160-SN,,1,,,,,,
450784,variation,HRW-R-224-450784,"Reveal 24"" 2 Drawer Nightstand - Sap Cherry: FC Chestnut, TK943HB",,,,,https://products.viztechfurniture.com/wp-content/uploads/2023/03/Reveal-R224-2-Drawer-Night-Stand-Kinney-Sap-Cherry-FC-Chestnut.jpg,R-224,Color,Sap Cherry: FC Chestnut,,1,,Hardware,TK943HB,,1,,,,,,
450785,variation,HRW-R-224-450785,"Reveal 24"" 2 Drawer Nightstand - Sap Cherry: OCS Coco, 635-160-BG",,,,,https://products.viztechfurniture.com/wp-content/uploads/2023/03/Reveal-R224-2-Drawer-Night-Stand-BG-Sap-Cherry-OCS-122-Coco.jpg,R-224,Color,Sap Cherry: OCS Coco,,1,,Hardware,635-160-BG,,1,,,,,,
450786,variation,HRW-R-224-450786,"Reveal 24"" 2 Drawer Nightstand - Sap Cherry: OCS Coco, 635-160-SN",,,,,https://products.viztechfurniture.com/wp-content/uploads/2023/03/Reveal-R224-2-Drawer-Night-Stand-SN-Sap-Cherry-OCS-122-Coco.jpg,R-224,Color,Sap Cherry: OCS Coco,,1,,Hardware,635-160-SN,,1,,,,,,
450787,variation,HRW-R-224-450787,"Reveal 24"" 2 Drawer Nightstand - Sap Cherry: OCS Coco, TK943HB",,,,,https://products.viztechfurniture.com/wp-content/uploads/2023/03/Reveal-R224-2-Drawer-Night-Stand-Kinney-Sap-Cherry-OCS-122-Coco.jpg,R-224,Color,Sap Cherry: OCS Coco,,1,,Hardware,TK943HB,,1,,,,,,
450847,variation,HRW-R-551-450847,"Reveal 3 Drawer Nightstand - Red Oak: FC Carbon, 635-160-BG",,,,,https://products.viztechfurniture.com/wp-content/uploads/2023/03/Reveal-R230-3-Drawer-Night-Stand-BG-Handle-Red-Oak-FC-Carbon.jpg,R-230,Color,Red Oak: FC Carbon,,1,,Hardware,635-160-BG,,1,,,,,,
450848,variation,HRW-R-551-450848,"Reveal 3 Drawer Nightstand - Red Oak: FC Carbon, 635-160-SN",,,,,https://products.viztechfurniture.com/wp-content/uploads/2023/03/Reveal-R230-3-Drawer-Night-Stand-SN-Handle-Red-Oak-FC-Carbon.jpg,R-230,Color,Red Oak: FC Carbon,,1,,Hardware,635-160-SN,,1,,,,,,
450849,variation,HRW-R-551-450849,"Reveal 3 Drawer Nightstand - Red Oak: FC Carbon, TK943HB",,,,,https://products.viztechfurniture.com/wp-content/uploads/2023/03/Reveal-R230-3-Drawer-Night-Stand-Kinney-Handle-Red-Oak-FC-Carbon.jpg,R-230,Color,Red Oak: FC Carbon,,1,,Hardware,TK943HB,,1,,,,,,
450850,variation,HRW-R-551-450850,"Reveal 3 Drawer Nightstand - Sap Cherry: FC Chestnut, 635-160-BG",,,,,https://products.viztechfurniture.com/wp-content/uploads/2023/03/Reveal-R230-3-Drawer-Night-Stand-BG-Sap-Cherry-FC-Chestnut.jpg,R-230,Color,Sap Cherry: FC Chestnut,,1,,Hardware,635-160-BG,,1,,,,,,
450851,variation,HRW-R-551-450851,"Reveal 3 Drawer Nightstand - Sap Cherry: FC Chestnut, 635-160-SN",,,,,https://products.viztechfurniture.com/wp-content/uploads/2023/03/Reveal-R230-3-Drawer-Night-Stand-SN-Sap-Cherry-FC-Chestnut.jpg,R-230,Color,Sap Cherry: FC Chestnut,,1,,Hardware,635-160-SN,,1,,,,,,
450852,variation,HRW-R-551-450852,"Reveal 3 Drawer Nightstand - Sap Cherry: FC Chestnut, TK943HB",,,,,https://products.viztechfurniture.com/wp-content/uploads/2023/03/Reveal-R230-3-Drawer-Night-Stand-Kinney-Sap-Cherry-FC-Chestnut.jpg,R-230,Color,Sap Cherry: FC Chestnut,,1,,Hardware,TK943HB,,1,,,,,,
450853,variation,HRW-R-551-450853,"Reveal 3 Drawer Nightstand - Sap Cherry: OCS Coco, 635-160-BG",,,,,https://products.viztechfurniture.com/wp-content/uploads/2023/03/Reveal-R230-3-Drawer-Night-Stand-BG-Sap-Cherry-OCS-122-Coco.jpg,R-230,Color,Sap Cherry: OCS Coco,,1,,Hardware,635-160-BG,,1,,,,,,
450854,variation,HRW-R-551-450854,"Reveal 3 Drawer Nightstand - Sap Cherry: OCS Coco, 635-160-SN",,,,,https://products.viztechfurniture.com/wp-content/uploads/2023/03/Reveal-R230-3-Drawer-Night-Stand-SN-Sap-Cherry-OCS-122-Coco.jpg,R-230,Color,Sap Cherry: OCS Coco,,1,,Hardware,635-160-SN,,1,,,,,,
450855,variation,HRW-R-551-450855,"Reveal 3 Drawer Nightstand - Sap Cherry: OCS Coco, TK943HB",,,,,https://products.viztechfurniture.com/wp-content/uploads/2023/03/Reveal-R230-3-Drawer-Night-Stand-Kinney-Sap-Cherry-OCS-122-Coco.jpg,R-230,Color,Sap Cherry: OCS Coco,,1,,Hardware,TK943HB,,1,,,,,,
450755,variation,HRW-R-130-450755,"Reveal 1 Drawer Open Nightstand - Sap Cherry: FC Chestnut, TK943HB",,,,,https://products.viztechfurniture.com/wp-content/uploads/2023/03/Reveal-R126-Open-Nightstand-Kinney-Sap-Cherry-FC-Chestnut-1.jpg,R-130,Color,Sap Cherry: FC Chestnut,,1,,Hardware,TK943HB,,1,,,,,,
450756,variation,HRW-R-130-450756,"Reveal 1 Drawer Open Nightstand - Sap Cherry: OCS Coco, 635-160-BG",,,,,https://products.viztechfurniture.com/wp-content/uploads/2023/03/Reveal-R126-Open-Nightstand-BG-Sap-Cherry-OCS-Coco-1.jpg,R-130,Color,Sap Cherry: OCS Coco,,1,,Hardware,635-160-BG,,1,,,,,,
450757,variation,HRW-R-130-450757,"Reveal 1 Drawer Open Nightstand - Sap Cherry: OCS Coco, 635-160-SN",,,,,https://products.viztechfurniture.com/wp-content/uploads/2023/03/Reveal-R126-Open-Nightstand-SN-Sap-Cherry-OCS-Coco-1.jpg,R-130,Color,Sap Cherry: OCS Coco,,1,,Hardware,635-160-SN,,1,,,,,,
450758,variation,HRW-R-130-450758,"Reveal 1 Drawer Open Nightstand - Sap Cherry: OCS Coco, TK943HB",,,,,https://products.viztechfurniture.com/wp-content/uploads/2023/03/Reveal-R126-Open-Nightstand-Kinney-Sap-Cherry-OCS-Coco-1.jpg,R-130,Color,Sap Cherry: OCS Coco,,1,,Hardware,TK943HB,,1,,,,,,
450750,variation,HRW-R-130-450750,"Reveal 1 Drawer Open Nightstand - Red Oak: FC Carbon, 635-160-BG",,,,,https://products.viztechfurniture.com/wp-content/uploads/2023/03/Reveal-R126-Open-Nightstand-BG-Red-Oak-FC-Carbon-1.jpg,R-130,Color,Red Oak: FC Carbon,,1,,Hardware,635-160-BG,,1,,,,,,
450751,variation,HRW-R-130-450751,"Reveal 1 Drawer Open Nightstand - Red Oak: FC Carbon, 635-160-SN",,,,,https://products.viztechfurniture.com/wp-content/uploads/2023/03/Reveal-R126-Open-Nightstand-SN-Red-Oak-FC-Carbon-1.jpg,R-130,Color,Red Oak: FC Carbon,,1,,Hardware,635-160-SN,,1,,,,,,
450752,variation,HRW-R-130-450752,"Reveal 1 Drawer Open Nightstand - Red Oak: FC Carbon, TK943HB",,,,,https://products.viztechfurniture.com/wp-content/uploads/2023/03/Reveal-R126-Open-Nightstand-Kinney-Red-Oak-FC-Carbon-1.jpg,R-130,Color,Red Oak: FC Carbon,,1,,Hardware,TK943HB,,1,,,,,,
450753,variation,HRW-R-130-450753,"Reveal 1 Drawer Open Nightstand - Sap Cherry: FC Chestnut, 635-160-BG",,,,,https://products.viztechfurniture.com/wp-content/uploads/2023/03/Reveal-R126-Open-Nightstand-BG-Sap-Cherry-FC-Chestnut-1.jpg,R-130,Color,Sap Cherry: FC Chestnut,,1,,Hardware,635-160-BG,,1,,,,,,
450754,variation,HRW-R-130-450754,"Reveal 1 Drawer Open Nightstand - Sap Cherry: FC Chestnut, 635-160-SN",,,,,https://products.viztechfurniture.com/wp-content/uploads/2023/03/Reveal-R126-Open-Nightstand-SN-Sap-Cherry-FC-Chestnut-1.jpg,R-130,Color,Sap Cherry: FC Chestnut,,1,,Hardware,635-160-SN,,1,,,,,,
799214,variation,HRW-1113-799214,Reveal Accord Platform Bed,,,,,https://products.viztechfurniture.com/wp-content/uploads/2024/09/Honey-Run-Woodcraft-Collection-Accord-Queen-Bed-Standard-Brown-Maple-FC-Harvest.jpg,HRW-1113,Color,Brown Maple: FC Harvest,,1,,Configuration,Standard Bed,,1,,Headboard Options,Wood Headboard,,1,
799215,variation,HRW-1113-799215,Reveal Accord Platform Bed,,,,,https://products.viztechfurniture.com/wp-content/uploads/2024/09/Honey-Run-Woodcraft-Collection-Accord-Queen-Bed-Cloth-Headboard-Siderail-StorageBrown-Maple-FC-Harvest.jpg,HRW-1113,Color,Brown Maple: FC Harvest,,1,,Configuration,Storage Rails,,1,,Headboard Options,Upholstered Headboard,,1,
799216,variation,HRW-1113-799216,Reveal Accord Platform Bed,,,,,https://products.viztechfurniture.com/wp-content/uploads/2024/09/Honey-Run-Woodcraft-Collection-Accord-Queen-Bed-Siderail-StorageBrown-Maple-FC-Harvest.jpg,HRW-1113,Color,Brown Maple: FC Harvest,,1,,Configuration,Storage Rails,,1,,Headboard Options,Wood Headboard,,1,
799217,variation,HRW-1113-799217,Reveal Accord Platform Bed,,,,,https://products.viztechfurniture.com/wp-content/uploads/2024/09/Honey-Run-Woodcraft-Collection-Accord-Queen-Bed-Cloth-Standard-Headboard-Red-Oak-FC-Carbon.jpg,HRW-1113,Color,Red Oak: FC Carbon,,1,,Configuration,Standard Bed,,1,,Headboard Options,Upholstered Headboard,,1,
799218,variation,HRW-1113-799218,Reveal Accord Platform Bed,,,,,https://products.viztechfurniture.com/wp-content/uploads/2024/09/Honey-Run-Woodcraft-Collection-Accord-Queen-Bed-Standard-Red-Oak-FC-Carbon.jpg,HRW-1113,Color,Red Oak: FC Carbon,,1,,Configuration,Standard Bed,,1,,Headboard Options,Wood Headboard,,1,
799219,variation,HRW-1113-799219,Reveal Accord Platform Bed,,,,,https://products.viztechfurniture.com/wp-content/uploads/2024/09/Honey-Run-Woodcraft-Collection-Accord-Queen-Bed-Cloth-Headboard-Siderail-Storage-Red-Oak-FC-Carbon.jpg,HRW-1113,Color,Red Oak: FC Carbon,,1,,Configuration,Storage Rails,,1,,Headboard Options,Upholstered Headboard,,1,
799220,variation,HRW-1113-799220,Reveal Accord Platform Bed,,,,,https://products.viztechfurniture.com/wp-content/uploads/2024/09/Honey-Run-Woodcraft-Collection-Accord-Queen-Bed-Siderail-Storage-Red-Oak-FC-Carbon.jpg,HRW-1113,Color,Red Oak: FC Carbon,,1,,Configuration,Storage Rails,,1,,Headboard Options,Wood Headboard,,1,
799221,variation,HRW-1113-799221,Reveal Accord Platform Bed,,,,,https://products.viztechfurniture.com/wp-content/uploads/2024/09/Honey-Run-Woodcraft-Collection-Accord-Queen-Bed-Cloth-Standard-Cloth-Headboard-Sap-Cherry-FC-Chestnut.jpg,HRW-1113,Color,Sap Cherry: FC Chestnut,,1,,Configuration,Standard Bed,,1,,Headboard Options,Upholstered Headboard,,1,
799222,variation,HRW-1113-799222,Reveal Accord Platform Bed,,,,,https://products.viztechfurniture.com/wp-content/uploads/2024/09/Honey-Run-Woodcraft-Collection-Accord-Queen-Bed-Standard-Sap-Cherry-FC-Chestnut.jpg,HRW-1113,Color,Sap Cherry: FC Chestnut,,1,,Configuration,Standard Bed,,1,,Headboard Options,Wood Headboard,,1,
799223,variation,HRW-1113-799223,Reveal Accord Platform Bed,,,,,https://products.viztechfurniture.com/wp-content/uploads/2024/09/Honey-Run-Woodcraft-Collection-Accord-Queen-Bed-Cloth-Headboard-Siderail-Storage-Sap-Cherry-FC-Chestnut.jpg,HRW-1113,Color,Sap Cherry: FC Chestnut,,1,,Configuration,Storage Rails,,1,,Headboard Options,Upholstered Headboard,,1,
799224,variation,HRW-1113-799224,Reveal Accord Platform Bed,,,,,https://products.viztechfurniture.com/wp-content/uploads/2024/09/Honey-Run-Woodcraft-Collection-Accord-Queen-Bed-Siderail-Storage-Sap-Cherry-FC-Chestnut.jpg,HRW-1113,Color,Sap Cherry: FC Chestnut,,1,,Configuration,Storage Rails,,1,,Headboard Options,Wood Headboard,,1,
799225,variation,HRW-1113-799225,Reveal Accord Platform Bed,,,,,https://products.viztechfurniture.com/wp-content/uploads/2024/09/Honey-Run-Woodcraft-Collection-Accord-Queen-Bed-Cloth-Standard-Cloth-Headboard-Sap-Cherry-OCS-Coco.jpg,HRW-1113,Color,Sap Cherry: OCS Coco,,1,,Configuration,Standard Bed,,1,,Headboard Options,Upholstered Headboard,,1,
799226,variation,HRW-1113-799226,Reveal Accord Platform Bed,,,,,https://products.viztechfurniture.com/wp-content/uploads/2024/09/Honey-Run-Woodcraft-Collection-Accord-Queen-Bed-Standard-Sap-Cherry-OCS-Coco.jpg,HRW-1113,Color,Sap Cherry: OCS Coco,,1,,Configuration,Standard Bed,,1,,Headboard Options,Wood Headboard,,1,
799227,variation,HRW-1113-799227,Reveal Accord Platform Bed,,,,,https://products.viztechfurniture.com/wp-content/uploads/2024/09/Honey-Run-Woodcraft-Collection-Accord-Queen-Bed-Cloth-Headboard-Siderail-Storage-Sap-Cherry-OCS-Coco.jpg,HRW-1113,Color,Sap Cherry: OCS Coco,,1,,Configuration,Storage Rails,,1,,Headboard Options,Upholstered Headboard,,1,
799228,variation,HRW-1113-799228,Reveal Accord Platform Bed,,,,,https://products.viztechfurniture.com/wp-content/uploads/2024/09/Honey-Run-Woodcraft-Collection-Accord-Queen-Bed-Siderail-Storage-Sap-Cherry-OCS-Coco.jpg,HRW-1113,Color,Sap Cherry: OCS Coco,,1,,Configuration,Storage Rails,,1,,Headboard Options,Wood Headboard,,1,
799213,variation,HRW-1113-799213,Reveal Accord Platform Bed,,,,,https://products.viztechfurniture.com/wp-content/uploads/2024/09/Honey-Run-Woodcraft-Collection-Accord-Queen-Bed-Cloth-Standard-Headboard-Brown-Maple-FC-Harvest.jpg,HRW-1113,Color,Brown Maple: FC Harvest,,1,,Configuration,Standard Bed,,1,,Headboard Options,Upholstered Headboard,,1,
783470,variation,HRW-2456/2450-783470,"Contour 56"" Dresser - Brown Maple: FC Harvest, Add Mirror",,,,,https://products.viztechfurniture.com/wp-content/uploads/2024/08/Honey-Run-Woodcraft-Contour-56in-Dresser-With-Mirror-Brown-Maple-FC-Harvest-Brown.jpg,HRW-2456/2450,Color,Brown Maple: FC Harvest,,1,,Mirror,Add Mirror,,1,,,,,,
783471,variation,HRW-2456/2450-783471,"Contour 56"" Dresser - Brown Maple: FC Harvest, No Mirror",,,,,https://products.viztechfurniture.com/wp-content/uploads/2024/08/Honey-Run-Woodcraft-Contour-56in-Dresser-Brown-Maple-FC-Harvest-Brown.jpg,HRW-2456/2450,Color,Brown Maple: FC Harvest,,1,,Mirror,No Mirror,,1,,,,,,
783472,variation,HRW-2456/2450-783472,"Contour 56"" Dresser - QSWO: FC Seashell, Add Mirror",,,,,https://products.viztechfurniture.com/wp-content/uploads/2024/08/Honey-Run-Woodcraft-Contour-56in-Dresser-With-Mirror-QSWO-FC-Seashell.jpg,HRW-2456/2450,Color,QSWO: FC Seashell,,1,,Mirror,Add Mirror,,1,,,,,,
783473,variation,HRW-2456/2450-783473,"Contour 56"" Dresser - QSWO: FC Seashell, No Mirror",,,,,https://products.viztechfurniture.com/wp-content/uploads/2024/08/Honey-Run-Woodcraft-Contour-56in-Dresser-QSWO-FC-Seashell.jpg,HRW-2456/2450,Color,QSWO: FC Seashell,,1,,Mirror,No Mirror,,1,,,,,,
783474,variation,HRW-2456/2450-783474,"Contour 56"" Dresser - Red Oak: AMS Black Ink, Add Mirror",,,,,https://products.viztechfurniture.com/wp-content/uploads/2024/08/Honey-Run-Woodcraft-Contour-56in-Dresser-With-Mirror-Red-Oak-AMS-Black-Ink.jpg,HRW-2456/2450,Color,Red Oak: AMS Black Ink,,1,,Mirror,Add Mirror,,1,,,,,,
783475,variation,HRW-2456/2450-783475,"Contour 56"" Dresser - Red Oak: AMS Black Ink, No Mirror",,,,,https://products.viztechfurniture.com/wp-content/uploads/2024/08/Honey-Run-Woodcraft-Contour-56in-Dresser-Red-Oak-AMS-Black-Ink.jpg,HRW-2456/2450,Color,Red Oak: AMS Black Ink,,1,,Mirror,No Mirror,,1,,,,,,
783412,variation,HRW-2466/2450-783412,"Contour 66"" Dresser - Brown Maple: FC Harvest, Add Mirror",,,,,https://products.viztechfurniture.com/wp-content/uploads/2024/08/Honey-Run-Woodcraft-Contour-66in-Dresser-Brown-Maple-FC-Harvest-Brown.jpg,HRW-2466/2450,Color,Brown Maple: FC Harvest,,1,,Mirror,Add Mirror,,1,,,,,,
783413,variation,HRW-2466/2450-783413,"Contour 66"" Dresser - Brown Maple: FC Harvest, No Mirror",,,,,https://products.viztechfurniture.com/wp-content/uploads/2024/08/Honey-Run-Woodcraft-Contour-66in-Dresser-With-Mirror-Brown-Maple-FC-Harvest-Brown.jpg,HRW-2466/2450,Color,Brown Maple: FC Harvest,,1,,Mirror,No Mirror,,1,,,,,,
783414,variation,HRW-2466/2450-783414,"Contour 66"" Dresser - QSWO: FC Seashell, Add Mirror",,,,,https://products.viztechfurniture.com/wp-content/uploads/2024/08/Honey-Run-Woodcraft-Contour-66in-Dresser-With-Mirror-QSWO-FC-Seashell.jpg,HRW-2466/2450,Color,QSWO: FC Seashell,,1,,Mirror,Add Mirror,,1,,,,,,
783415,variation,HRW-2466/2450-783415,"Contour 66"" Dresser - QSWO: FC Seashell, No Mirror",,,,,https://products.viztechfurniture.com/wp-content/uploads/2024/08/Honey-Run-Woodcraft-Contour-66in-Dresser-QSWO-FC-Seashell.jpg,HRW-2466/2450,Color,QSWO: FC Seashell,,1,,Mirror,No Mirror,,1,,,,,,
783416,variation,HRW-2466/2450-783416,"Contour 66"" Dresser - Red Oak: AMS Black Ink, Add Mirror",,,,,https://products.viztechfurniture.com/wp-content/uploads/2024/08/Honey-Run-Woodcraft-Contour-66in-Dresser-With-Mirror-Red-Oak-AMS-Black-Ink.jpg,HRW-2466/2450,Color,Red Oak: AMS Black Ink,,1,,Mirror,Add Mirror,,1,,,,,,
783417,variation,HRW-2466/2450-783417,"Contour 66"" Dresser - Red Oak: AMS Black Ink, No Mirror",,,,,https://products.viztechfurniture.com/wp-content/uploads/2024/08/Honey-Run-Woodcraft-Contour-66in-Dresser-Red-Oak-AMS-Black-Ink.jpg,HRW-2466/2450,Color,Red Oak: AMS Black Ink,,1,,Mirror,No Mirror,,1,,,,,,
783460,variation,HRW-2438-783460,Contour 4 Drawer Chest - Brown Maple: FC Harvest,,,,,https://products.viztechfurniture.com/wp-content/uploads/2024/08/Honey-Run-Woodcraft-Contour-4-Drawer-Chest-Brown-Maple-FC-Harvest-Brown.jpg,HRW-2438,Color,Brown Maple: FC Harvest,,1,,,,,,,,,,,
783461,variation,HRW-2438-783461,Contour 4 Drawer Chest - QSWO: FC Seashell,,,,,https://products.viztechfurniture.com/wp-content/uploads/2024/08/Honey-Run-Woodcraft-Contour-4-Drawer-Chest-QSWO-FC-Seashell.jpg,HRW-2438,Color,QSWO: FC Seashell,,1,,,,,,,,,,,
783462,variation,HRW-2438-783462,Contour 4 Drawer Chest - Red Oak: AMS Black Ink,,,,,https://products.viztechfurniture.com/wp-content/uploads/2024/08/Honey-Run-Woodcraft-Contour-4-Drawer-Chest-Red-Oak-AMS-Black-Ink.jpg,HRW-2438,Color,Red Oak: AMS Black Ink,,1,,,,,,,,,,,
783402,variation,HRW-2428-783402,Contour 3 Drawer Nightstand - Brown Maple: FC Harvest,,,,,https://products.viztechfurniture.com/wp-content/uploads/2024/08/Honey-Run-Woodcraft-Contour-3-Drawer-Nightstand-Brown-Maple-FC-Harvest-Brown.jpg,HRW-2428,Color,Brown Maple: FC Harvest,,1,,,,,,,,,,,
783403,variation,HRW-2428-783403,Contour 3 Drawer Nightstand - QSWO: FC Seashell,,,,,https://products.viztechfurniture.com/wp-content/uploads/2024/08/Honey-Run-Woodcraft-Contour-3-Drawer-Nightstand-QSWO-FC-Seashell.jpg,HRW-2428,Color,QSWO: FC Seashell,,1,,,,,,,,,,,
783404,variation,HRW-2428-783404,Contour 3 Drawer Nightstand - Red Oak: AMS Black Ink,,,,,https://products.viztechfurniture.com/wp-content/uploads/2024/08/Honey-Run-Woodcraft-Contour-3-Drawer-Nightstand-Red-Oak-AMS-Black-Ink.jpg,HRW-2428,Color,Red Oak: AMS Black Ink,,1,,,,,,,,,,,
783492,variation,HRW-2482U-783492,Contour King Platform Bed,,,,,https://products.viztechfurniture.com/wp-content/uploads/2024/08/Honey-Run-Woodcraft-Contour-King-Bed-Upholstered-Headboard-Brown-Maple-FC-Harvest-Brown.jpg,HRW-2482U,Color,Brown Maple: FC Harvest,,1,,Headboard Options,Upholstered Headboard,,1,,,,,,
783493,variation,HRW-2482U-783493,Contour King Platform Bed,,,,,https://products.viztechfurniture.com/wp-content/uploads/2024/08/Honey-Run-Woodcraft-Contour-King-Bed-Wood-Headboard-Brown-Maple-FC-Harvest-Brown.jpg,HRW-2482U,Color,Brown Maple: FC Harvest,,1,,Headboard Options,Wood Headboard,,1,,,,,,
783494,variation,HRW-2482U-783494,Contour King Platform Bed,,,,,https://products.viztechfurniture.com/wp-content/uploads/2024/08/Honey-Run-Woodcraft-Contour-King-Bed-Upholstered-Headboard-QSWO-FC-Seashell.jpg,HRW-2482U,Color,QSWO: FC Seashell,,1,,Headboard Options,Upholstered Headboard,,1,,,,,,
783495,variation,HRW-2482U-783495,Contour King Platform Bed,,,,,https://products.viztechfurniture.com/wp-content/uploads/2024/08/Honey-Run-Woodcraft-Contour-King-Bed-Wood-Headboard-QSWO-FC-Seashell.jpg,HRW-2482U,Color,QSWO: FC Seashell,,1,,Headboard Options,Wood Headboard,,1,,,,,,
783496,variation,HRW-2482U-783496,Contour King Platform Bed,,,,,https://products.viztechfurniture.com/wp-content/uploads/2024/08/Honey-Run-Woodcraft-Contour-King-Bed-Upholstered-Headboard-Red-Oak-AMS-Black-Ink.jpg,HRW-2482U,Color,Red Oak: AMS Black Ink,,1,,Headboard Options,Upholstered Headboard,,1,,,,,,
783497,variation,HRW-2482U-783497,Contour King Platform Bed,,,,,https://products.viztechfurniture.com/wp-content/uploads/2024/08/Honey-Run-Woodcraft-Contour-King-Bed-Wood-Headboard-Red-Oak-AMS-Black-Ink.jpg,HRW-2482U,Color,Red Oak: AMS Black Ink,,1,,Headboard Options,Wood Headboard,,1,,,,,,
